"filename", "language", "Go", "Markdown", "YAML", "Go Module File", "Go Checksum File", "Shell Script", "C", "comment", "blank", "total"
"c:\Users\user0\Documents\GitHub\calibrationReader\.github\workflows\a2l-fuzzing.yml", "YAML", 0, 0, 17, 0, 0, 0, 0, 0, 6, 23
"c:\Users\user0\Documents\GitHub\calibrationReader\.github\workflows\codacy-analysis.yml", "YAML", 0, 0, 28, 0, 0, 0, 0, 20, 7, 55
"c:\Users\user0\Documents\GitHub\calibrationReader\.github\workflows\codacy-coverage.yml", "YAML", 0, 0, 21, 0, 0, 0, 0, 0, 8, 29
"c:\Users\user0\Documents\GitHub\calibrationReader\.github\workflows\codeql-analysis.yml", "YAML", 0, 0, 31, 0, 0, 0, 0, 29, 11, 71
"c:\Users\user0\Documents\GitHub\calibrationReader\.github\workflows\devskim-analysis.yml", "YAML", 0, 0, 25, 0, 0, 0, 0, 4, 6, 35
"c:\Users\user0\Documents\GitHub\calibrationReader\.github\workflows\go-build-test-and-license.yml", "YAML", 0, 0, 23, 0, 0, 0, 0, 0, 9, 32
"c:\Users\user0\Documents\GitHub\calibrationReader\.github\workflows\ihex32-fuzzing.yml", "YAML", 0, 0, 17, 0, 0, 0, 0, 0, 6, 23
"c:\Users\user0\Documents\GitHub\calibrationReader\.github\workflows\srec19-fuzzing.yml", "YAML", 0, 0, 17, 0, 0, 0, 0, 0, 6, 23
"c:\Users\user0\Documents\GitHub\calibrationReader\README.md", "Markdown", 0, 45, 0, 0, 0, 0, 0, 0, 16, 61
"c:\Users\user0\Documents\GitHub\calibrationReader\SECURITY.md", "Markdown", 0, 11, 0, 0, 0, 0, 0, 0, 3, 14
"c:\Users\user0\Documents\GitHub\calibrationReader\a2l\a2l.go", "Go", 122, 0, 0, 0, 0, 0, 0, 21, 12, 155
"c:\Users\user0\Documents\GitHub\calibrationReader\a2l\a2l_test.go", "Go", 123, 0, 0, 0, 0, 0, 0, 2, 9, 134
"c:\Users\user0\Documents\GitHub\calibrationReader\a2l\a2ml.go", "Go", 28, 0, 0, 0, 0, 0, 0, 1, 5, 34
"c:\Users\user0\Documents\GitHub\calibrationReader\a2l\a2ml_version.go", "Go", 51, 0, 0, 0, 0, 0, 0, 15, 5, 71
"c:\Users\user0\Documents\GitHub\calibrationReader\a2l\addr_epk.go", "Go", 26, 0, 0, 0, 0, 0, 0, 1, 5, 32
"c:\Users\user0\Documents\GitHub\calibrationReader\a2l\alignment_byte.go", "Go", 32, 0, 0, 0, 0, 0, 0, 4, 5, 41
"c:\Users\user0\Documents\GitHub\calibrationReader\a2l\alignment_float16_ieee.go", "Go", 32, 0, 0, 0, 0, 0, 0, 4, 5, 41
"c:\Users\user0\Documents\GitHub\calibrationReader\a2l\alignment_float32_ieee.go", "Go", 32, 0, 0, 0, 0, 0, 0, 4, 5, 41
"c:\Users\user0\Documents\GitHub\calibrationReader\a2l\alignment_float64_ieee.go", "Go", 32, 0, 0, 0, 0, 0, 0, 4, 5, 41
"c:\Users\user0\Documents\GitHub\calibrationReader\a2l\alignment_int64.go", "Go", 32, 0, 0, 0, 0, 0, 0, 4, 5, 41
"c:\Users\user0\Documents\GitHub\calibrationReader\a2l\alignment_long.go", "Go", 32, 0, 0, 0, 0, 0, 0, 4, 5, 41
"c:\Users\user0\Documents\GitHub\calibrationReader\a2l\alignment_word.go", "Go", 32, 0, 0, 0, 0, 0, 0, 4, 5, 41
"c:\Users\user0\Documents\GitHub\calibrationReader\a2l\annotation.go", "Go", 55, 0, 0, 0, 0, 0, 0, 2, 5, 62
"c:\Users\user0\Documents\GitHub\calibrationReader\a2l\annotation_label.go", "Go", 26, 0, 0, 0, 0, 0, 0, 1, 5, 32
"c:\Users\user0\Documents\GitHub\calibrationReader\a2l\annotation_origin.go", "Go", 26, 0, 0, 0, 0, 0, 0, 1, 5, 32
"c:\Users\user0\Documents\GitHub\calibrationReader\a2l\annotation_text.go", "Go", 32, 0, 0, 0, 0, 0, 0, 2, 5, 39
"c:\Users\user0\Documents\GitHub\calibrationReader\a2l\ar_component.go", "Go", 43, 0, 0, 0, 0, 0, 0, 17, 5, 65
"c:\Users\user0\Documents\GitHub\calibrationReader\a2l\ar_prototype_of.go", "Go", 26, 0, 0, 0, 0, 0, 0, 3, 5, 34
"c:\Users\user0\Documents\GitHub\calibrationReader\a2l\array_size.go", "Go", 32, 0, 0, 0, 0, 0, 0, 4, 5, 41
"c:\Users\user0\Documents\GitHub\calibrationReader\a2l\asap2_version.go", "Go", 51, 0, 0, 0, 0, 0, 0, 4, 5, 60
"c:\Users\user0\Documents\GitHub\calibrationReader\a2l\axis_descr.go", "Go", 212, 0, 0, 0, 0, 0, 0, 46, 5, 263
"c:\Users\user0\Documents\GitHub\calibrationReader\a2l\axis_pts.go", "Go", 264, 0, 0, 0, 0, 0, 0, 24, 5, 293
"c:\Users\user0\Documents\GitHub\calibrationReader\a2l\axis_pts_4.go", "Go", 71, 0, 0, 0, 0, 0, 0, 2, 5, 78
"c:\Users\user0\Documents\GitHub\calibrationReader\a2l\axis_pts_5.go", "Go", 71, 0, 0, 0, 0, 0, 0, 2, 5, 78
"c:\Users\user0\Documents\GitHub\calibrationReader\a2l\axis_pts_ref.go", "Go", 26, 0, 0, 0, 0, 0, 0, 10, 5, 41
"c:\Users\user0\Documents\GitHub\calibrationReader\a2l\axis_pts_x.go", "Go", 71, 0, 0, 0, 0, 0, 0, 2, 5, 78
"c:\Users\user0\Documents\GitHub\calibrationReader\a2l\axis_pts_y.go", "Go", 71, 0, 0, 0, 0, 0, 0, 2, 5, 78
"c:\Users\user0\Documents\GitHub\calibrationReader\a2l\axis_pts_z.go", "Go", 71, 0, 0, 0, 0, 0, 0, 2, 5, 78
"c:\Users\user0\Documents\GitHub\calibrationReader\a2l\axis_rescale_x.go", "Go", 81, 0, 0, 0, 0, 0, 0, 34, 5, 120
"c:\Users\user0\Documents\GitHub\calibrationReader\a2l\bit_mask.go", "Go", 26, 0, 0, 0, 0, 0, 0, 20, 5, 51
"c:\Users\user0\Documents\GitHub\calibrationReader\a2l\bit_operation.go", "Go", 52, 0, 0, 0, 0, 0, 0, 7, 5, 64
"c:\Users\user0\Documents\GitHub\calibrationReader\a2l\blob.go", "Go", 138, 0, 0, 0, 0, 0, 0, 2, 5, 145
"c:\Users\user0\Documents\GitHub\calibrationReader\a2l\byte_order.go", "Go", 29, 0, 0, 0, 0, 0, 0, 0, 5, 34
"c:\Users\user0\Documents\GitHub\calibrationReader\a2l\calibration_handle.go", "Go", 43, 0, 0, 0, 0, 0, 0, 0, 5, 48
"c:\Users\user0\Documents\GitHub\calibrationReader\a2l\calibration_handle_text.go", "Go", 26, 0, 0, 0, 0, 0, 0, 0, 5, 31
"c:\Users\user0\Documents\GitHub\calibrationReader\a2l\calibration_method.go", "Go", 58, 0, 0, 0, 0, 0, 0, 0, 5, 63
"c:\Users\user0\Documents\GitHub\calibrationReader\a2l\characteristic.go", "Go", 329, 0, 0, 0, 0, 0, 0, 2, 5, 336
"c:\Users\user0\Documents\GitHub\calibrationReader\a2l\coeffs.go", "Go", 99, 0, 0, 0, 0, 0, 0, 0, 5, 104
"c:\Users\user0\Documents\GitHub\calibrationReader\a2l\coeffs_linear.go", "Go", 51, 0, 0, 0, 0, 0, 0, 0, 5, 56
"c:\Users\user0\Documents\GitHub\calibrationReader\a2l\comparison_quantity.go", "Go", 26, 0, 0, 0, 0, 0, 0, 0, 5, 31
"c:\Users\user0\Documents\GitHub\calibrationReader\a2l\compu_method.go", "Go", 113, 0, 0, 0, 0, 0, 0, 0, 5, 118
"c:\Users\user0\Documents\GitHub\calibrationReader\a2l\compu_tab.go", "Go", 107, 0, 0, 0, 0, 0, 0, 0, 5, 112
"c:\Users\user0\Documents\GitHub\calibrationReader\a2l\compu_tab_ref.go", "Go", 25, 0, 0, 0, 0, 0, 0, 0, 5, 30
"c:\Users\user0\Documents\GitHub\calibrationReader\a2l\compu_vtab.go", "Go", 94, 0, 0, 0, 0, 0, 0, 0, 5, 99
"c:\Users\user0\Documents\GitHub\calibrationReader\a2l\compu_vtab_range.go", "Go", 99, 0, 0, 0, 0, 0, 0, 0, 5, 104
"c:\Users\user0\Documents\GitHub\calibrationReader\a2l\consistent_exchange.go", "Go", 16, 0, 0, 0, 0, 0, 0, 0, 4, 20
"c:\Users\user0\Documents\GitHub\calibrationReader\a2l\cpu_type.go", "Go", 26, 0, 0, 0, 0, 0, 0, 0, 5, 31
"c:\Users\user0\Documents\GitHub\calibrationReader\a2l\curve_axis_ref.go", "Go", 26, 0, 0, 0, 0, 0, 0, 0, 5, 31
"c:\Users\user0\Documents\GitHub\calibrationReader\a2l\customer.go", "Go", 26, 0, 0, 0, 0, 0, 0, 0, 5, 31
"c:\Users\user0\Documents\GitHub\calibrationReader\a2l\customer_no.go", "Go", 26, 0, 0, 0, 0, 0, 0, 0, 5, 31
"c:\Users\user0\Documents\GitHub\calibrationReader\a2l\data_size.go", "Go", 32, 0, 0, 0, 0, 0, 0, 0, 5, 37
"c:\Users\user0\Documents\GitHub\calibrationReader\a2l\def_characteristic.go", "Go", 33, 0, 0, 0, 0, 0, 0, 0, 5, 38
"c:\Users\user0\Documents\GitHub\calibrationReader\a2l\default_value.go", "Go", 26, 0, 0, 0, 0, 0, 0, 0, 5, 31
"c:\Users\user0\Documents\GitHub\calibrationReader\a2l\default_value_numeric.go", "Go", 32, 0, 0, 0, 0, 0, 0, 0, 5, 37
"c:\Users\user0\Documents\GitHub\calibrationReader\a2l\dependent_characteristic.go", "Go", 39, 0, 0, 0, 0, 0, 0, 0, 6, 45
"c:\Users\user0\Documents\GitHub\calibrationReader\a2l\deposit.go", "Go", 29, 0, 0, 0, 0, 0, 0, 0, 5, 34
"c:\Users\user0\Documents\GitHub\calibrationReader\a2l\discrete.go", "Go", 16, 0, 0, 0, 0, 0, 0, 0, 4, 20
"c:\Users\user0\Documents\GitHub\calibrationReader\a2l\display_identifier.go", "Go", 26, 0, 0, 0, 0, 0, 0, 0, 5, 31
"c:\Users\user0\Documents\GitHub\calibrationReader\a2l\dist_op_4.go", "Go", 49, 0, 0, 0, 0, 0, 0, 0, 5, 54
"c:\Users\user0\Documents\GitHub\calibrationReader\a2l\dist_op_5.go", "Go", 49, 0, 0, 0, 0, 0, 0, 0, 5, 54
"c:\Users\user0\Documents\GitHub\calibrationReader\a2l\dist_op_x.go", "Go", 49, 0, 0, 0, 0, 0, 0, 0, 5, 54
"c:\Users\user0\Documents\GitHub\calibrationReader\a2l\dist_op_y.go", "Go", 49, 0, 0, 0, 0, 0, 0, 0, 5, 54
"c:\Users\user0\Documents\GitHub\calibrationReader\a2l\dist_op_z.go", "Go", 49, 0, 0, 0, 0, 0, 0, 0, 5, 54
"c:\Users\user0\Documents\GitHub\calibrationReader\a2l\ecu.go", "Go", 26, 0, 0, 0, 0, 0, 0, 0, 5, 31
"c:\Users\user0\Documents\GitHub\calibrationReader\a2l\ecu_address.go", "Go", 26, 0, 0, 0, 0, 0, 0, 0, 5, 31
"c:\Users\user0\Documents\GitHub\calibrationReader\a2l\ecu_address_extension.go", "Go", 32, 0, 0, 0, 0, 0, 0, 0, 5, 37
"c:\Users\user0\Documents\GitHub\calibrationReader\a2l\ecu_calibration_offset.go", "Go", 26, 0, 0, 0, 0, 0, 0, 0, 5, 31
"c:\Users\user0\Documents\GitHub\calibrationReader\a2l\enums.go", "Go", 602, 0, 0, 0, 0, 0, 0, 84, 60, 746
"c:\Users\user0\Documents\GitHub\calibrationReader\a2l\epk.go", "Go", 26, 0, 0, 0, 0, 0, 0, 0, 5, 31
"c:\Users\user0\Documents\GitHub\calibrationReader\a2l\error_mask.go", "Go", 26, 0, 0, 0, 0, 0, 0, 0, 5, 31
"c:\Users\user0\Documents\GitHub\calibrationReader\a2l\extended_limits.go", "Go", 51, 0, 0, 0, 0, 0, 0, 0, 5, 56
"c:\Users\user0\Documents\GitHub\calibrationReader\a2l\fix_axis_par.go", "Go", 63, 0, 0, 0, 0, 0, 0, 0, 5, 68
"c:\Users\user0\Documents\GitHub\calibrationReader\a2l\fix_axis_par_dist.go", "Go", 63, 0, 0, 0, 0, 0, 0, 0, 5, 68
"c:\Users\user0\Documents\GitHub\calibrationReader\a2l\fix_axis_par_list.go", "Go", 40, 0, 0, 0, 0, 0, 0, 0, 5, 45
"c:\Users\user0\Documents\GitHub\calibrationReader\a2l\fix_no_axis_pts_4.go", "Go", 32, 0, 0, 0, 0, 0, 0, 0, 5, 37
"c:\Users\user0\Documents\GitHub\calibrationReader\a2l\fix_no_axis_pts_5.go", "Go", 32, 0, 0, 0, 0, 0, 0, 0, 5, 37
"c:\Users\user0\Documents\GitHub\calibrationReader\a2l\fix_no_axis_pts_x.go", "Go", 32, 0, 0, 0, 0, 0, 0, 0, 5, 37
"c:\Users\user0\Documents\GitHub\calibrationReader\a2l\fix_no_axis_pts_y.go", "Go", 32, 0, 0, 0, 0, 0, 0, 0, 5, 37
"c:\Users\user0\Documents\GitHub\calibrationReader\a2l\fix_no_axis_pts_z.go", "Go", 32, 0, 0, 0, 0, 0, 0, 0, 5, 37
"c:\Users\user0\Documents\GitHub\calibrationReader\a2l\fnc_values.go", "Go", 69, 0, 0, 0, 0, 0, 0, 17, 5, 91
"c:\Users\user0\Documents\GitHub\calibrationReader\a2l\format.go", "Go", 26, 0, 0, 0, 0, 0, 0, 0, 5, 31
"c:\Users\user0\Documents\GitHub\calibrationReader\a2l\formula.go", "Go", 43, 0, 0, 0, 0, 0, 0, 0, 5, 48
"c:\Users\user0\Documents\GitHub\calibrationReader\a2l\formula_inv.go", "Go", 26, 0, 0, 0, 0, 0, 0, 0, 5, 31
"c:\Users\user0\Documents\GitHub\calibrationReader\a2l\frame.go", "Go", 72, 0, 0, 0, 0, 0, 0, 0, 5, 77
"c:\Users\user0\Documents\GitHub\calibrationReader\a2l\frame_measurement.go", "Go", 34, 0, 0, 0, 0, 0, 0, 3, 5, 42
"c:\Users\user0\Documents\GitHub\calibrationReader\a2l\function.go", "Go", 124, 0, 0, 0, 0, 0, 0, 0, 5, 129
"c:\Users\user0\Documents\GitHub\calibrationReader\a2l\function_list.go", "Go", 33, 0, 0, 0, 0, 0, 0, 0, 5, 38
"c:\Users\user0\Documents\GitHub\calibrationReader\a2l\function_version.go", "Go", 26, 0, 0, 0, 0, 0, 0, 0, 5, 31
"c:\Users\user0\Documents\GitHub\calibrationReader\a2l\group.go", "Go", 101, 0, 0, 0, 0, 0, 0, 0, 5, 106
"c:\Users\user0\Documents\GitHub\calibrationReader\a2l\guard_rails.go", "Go", 22, 0, 0, 0, 0, 0, 0, 0, 5, 27
"c:\Users\user0\Documents\GitHub\calibrationReader\a2l\header.go", "Go", 51, 0, 0, 0, 0, 0, 0, 0, 5, 56
"c:\Users\user0\Documents\GitHub\calibrationReader\a2l\identification.go", "Go", 49, 0, 0, 0, 0, 0, 0, 0, 5, 54
"c:\Users\user0\Documents\GitHub\calibrationReader\a2l\if_data.go", "Go", 35, 0, 0, 0, 0, 0, 0, 0, 5, 40
"c:\Users\user0\Documents\GitHub\calibrationReader\a2l\in_measurement.go", "Go", 33, 0, 0, 0, 0, 0, 0, 0, 5, 38
"c:\Users\user0\Documents\GitHub\calibrationReader\a2l\instance.go", "Go", 153, 0, 0, 0, 0, 0, 0, 0, 5, 158
"c:\Users\user0\Documents\GitHub\calibrationReader\a2l\layout.go", "Go", 29, 0, 0, 0, 0, 0, 0, 0, 5, 34
"c:\Users\user0\Documents\GitHub\calibrationReader\a2l\left_shift.go", "Go", 32, 0, 0, 0, 0, 0, 0, 0, 5, 37
"c:\Users\user0\Documents\GitHub\calibrationReader\a2l\limits.go", "Go", 51, 0, 0, 0, 0, 0, 0, 0, 5, 56
"c:\Users\user0\Documents\GitHub\calibrationReader\a2l\loc_measurement.go", "Go", 33, 0, 0, 0, 0, 0, 0, 0, 5, 38
"c:\Users\user0\Documents\GitHub\calibrationReader\a2l\map_list.go", "Go", 33, 0, 0, 0, 0, 0, 0, 0, 5, 38
"c:\Users\user0\Documents\GitHub\calibrationReader\a2l\matrix_dim.go", "Go", 62, 0, 0, 0, 0, 0, 0, 8, 5, 75
"c:\Users\user0\Documents\GitHub\calibrationReader\a2l\max_grad.go", "Go", 32, 0, 0, 0, 0, 0, 0, 0, 5, 37
"c:\Users\user0\Documents\GitHub\calibrationReader\a2l\max_refresh.go", "Go", 51, 0, 0, 0, 0, 0, 0, 0, 5, 56
"c:\Users\user0\Documents\GitHub\calibrationReader\a2l\measurement.go", "Go", 286, 0, 0, 0, 0, 0, 0, 0, 5, 291
"c:\Users\user0\Documents\GitHub\calibrationReader\a2l\memory_layout.go", "Go", 74, 0, 0, 0, 0, 0, 0, 0, 5, 79
"c:\Users\user0\Documents\GitHub\calibrationReader\a2l\memory_segment.go", "Go", 98, 0, 0, 0, 0, 0, 0, 0, 5, 103
"c:\Users\user0\Documents\GitHub\calibrationReader\a2l\mod_common.go", "Go", 115, 0, 0, 0, 0, 0, 0, 0, 5, 120
"c:\Users\user0\Documents\GitHub\calibrationReader\a2l\mod_par.go", "Go", 174, 0, 0, 0, 0, 0, 0, 0, 5, 179
"c:\Users\user0\Documents\GitHub\calibrationReader\a2l\model_link.go", "Go", 26, 0, 0, 0, 0, 0, 0, 14, 5, 45
"c:\Users\user0\Documents\GitHub\calibrationReader\a2l\module.go", "Go", 967, 0, 0, 0, 0, 0, 0, 19, 20, 1006
"c:\Users\user0\Documents\GitHub\calibrationReader\a2l\monotony.go", "Go", 29, 0, 0, 0, 0, 0, 0, 0, 5, 34
"c:\Users\user0\Documents\GitHub\calibrationReader\a2l\no_axis_pts_4.go", "Go", 51, 0, 0, 0, 0, 0, 0, 0, 5, 56
"c:\Users\user0\Documents\GitHub\calibrationReader\a2l\no_axis_pts_5.go", "Go", 51, 0, 0, 0, 0, 0, 0, 0, 5, 56
"c:\Users\user0\Documents\GitHub\calibrationReader\a2l\no_axis_pts_x.go", "Go", 51, 0, 0, 0, 0, 0, 0, 0, 5, 56
"c:\Users\user0\Documents\GitHub\calibrationReader\a2l\no_axis_pts_y.go", "Go", 51, 0, 0, 0, 0, 0, 0, 0, 5, 56
"c:\Users\user0\Documents\GitHub\calibrationReader\a2l\no_axis_pts_z.go", "Go", 51, 0, 0, 0, 0, 0, 0, 0, 5, 56
"c:\Users\user0\Documents\GitHub\calibrationReader\a2l\no_of_interfaces.go", "Go", 32, 0, 0, 0, 0, 0, 0, 0, 5, 37
"c:\Users\user0\Documents\GitHub\calibrationReader\a2l\no_rescale_x.go", "Go", 49, 0, 0, 0, 0, 0, 0, 0, 5, 54
"c:\Users\user0\Documents\GitHub\calibrationReader\a2l\number.go", "Go", 32, 0, 0, 0, 0, 0, 0, 0, 5, 37
"c:\Users\user0\Documents\GitHub\calibrationReader\a2l\offset_4.go", "Go", 49, 0, 0, 0, 0, 0, 0, 0, 5, 54
"c:\Users\user0\Documents\GitHub\calibrationReader\a2l\offset_5.go", "Go", 49, 0, 0, 0, 0, 0, 0, 0, 5, 54
"c:\Users\user0\Documents\GitHub\calibrationReader\a2l\offset_x.go", "Go", 49, 0, 0, 0, 0, 0, 0, 0, 5, 54
"c:\Users\user0\Documents\GitHub\calibrationReader\a2l\offset_y.go", "Go", 49, 0, 0, 0, 0, 0, 0, 0, 5, 54
"c:\Users\user0\Documents\GitHub\calibrationReader\a2l\offset_z.go", "Go", 49, 0, 0, 0, 0, 0, 0, 0, 5, 54
"c:\Users\user0\Documents\GitHub\calibrationReader\a2l\out_measurement.go", "Go", 33, 0, 0, 0, 0, 0, 0, 0, 5, 38
"c:\Users\user0\Documents\GitHub\calibrationReader\a2l\overwrite.go", "Go", 96, 0, 0, 0, 0, 0, 0, 0, 5, 101
"c:\Users\user0\Documents\GitHub\calibrationReader\a2l\phone_no.go", "Go", 26, 0, 0, 0, 0, 0, 0, 0, 5, 31
"c:\Users\user0\Documents\GitHub\calibrationReader\a2l\phys_unit.go", "Go", 26, 0, 0, 0, 0, 0, 0, 0, 5, 31
"c:\Users\user0\Documents\GitHub\calibrationReader\a2l\project.go", "Go", 63, 0, 0, 0, 0, 0, 0, 1, 5, 69
"c:\Users\user0\Documents\GitHub\calibrationReader\a2l\project_no.go", "Go", 26, 0, 0, 0, 0, 0, 0, 0, 5, 31
"c:\Users\user0\Documents\GitHub\calibrationReader\a2l\read_only.go", "Go", 16, 0, 0, 0, 0, 0, 0, 0, 4, 20
"c:\Users\user0\Documents\GitHub\calibrationReader\a2l\read_write.go", "Go", 16, 0, 0, 0, 0, 0, 0, 0, 4, 20
"c:\Users\user0\Documents\GitHub\calibrationReader\a2l\record_layout.go", "Go", 1139, 0, 0, 0, 0, 0, 0, 22, 50, 1211
"c:\Users\user0\Documents\GitHub\calibrationReader\a2l\ref_characteristic.go", "Go", 33, 0, 0, 0, 0, 0, 0, 0, 5, 38
"c:\Users\user0\Documents\GitHub\calibrationReader\a2l\ref_group.go", "Go", 33, 0, 0, 0, 0, 0, 0, 0, 5, 38
"c:\Users\user0\Documents\GitHub\calibrationReader\a2l\ref_measurement.go", "Go", 33, 0, 0, 0, 0, 0, 0, 0, 5, 38
"c:\Users\user0\Documents\GitHub\calibrationReader\a2l\ref_memory_segment.go", "Go", 26, 0, 0, 0, 0, 0, 0, 0, 5, 31
"c:\Users\user0\Documents\GitHub\calibrationReader\a2l\ref_unit.go", "Go", 26, 0, 0, 0, 0, 0, 0, 0, 5, 31
"c:\Users\user0\Documents\GitHub\calibrationReader\a2l\reserved.go", "Go", 49, 0, 0, 0, 0, 0, 0, 0, 5, 54
"c:\Users\user0\Documents\GitHub\calibrationReader\a2l\right_shift.go", "Go", 32, 0, 0, 0, 0, 0, 0, 0, 5, 37
"c:\Users\user0\Documents\GitHub\calibrationReader\a2l\rip_addr_4.go", "Go", 49, 0, 0, 0, 0, 0, 0, 0, 5, 54
"c:\Users\user0\Documents\GitHub\calibrationReader\a2l\rip_addr_5.go", "Go", 49, 0, 0, 0, 0, 0, 0, 0, 5, 54
"c:\Users\user0\Documents\GitHub\calibrationReader\a2l\rip_addr_w.go", "Go", 49, 0, 0, 0, 0, 0, 0, 0, 5, 54
"c:\Users\user0\Documents\GitHub\calibrationReader\a2l\rip_addr_x.go", "Go", 49, 0, 0, 0, 0, 0, 0, 0, 5, 54
"c:\Users\user0\Documents\GitHub\calibrationReader\a2l\rip_addr_y.go", "Go", 49, 0, 0, 0, 0, 0, 0, 0, 5, 54
"c:\Users\user0\Documents\GitHub\calibrationReader\a2l\rip_addr_z.go", "Go", 49, 0, 0, 0, 0, 0, 0, 0, 5, 54
"c:\Users\user0\Documents\GitHub\calibrationReader\a2l\root.go", "Go", 16, 0, 0, 0, 0, 0, 0, 0, 4, 20
"c:\Users\user0\Documents\GitHub\calibrationReader\a2l\shift_op_4.go", "Go", 49, 0, 0, 0, 0, 0, 0, 0, 5, 54
"c:\Users\user0\Documents\GitHub\calibrationReader\a2l\shift_op_5.go", "Go", 49, 0, 0, 0, 0, 0, 0, 0, 5, 54
"c:\Users\user0\Documents\GitHub\calibrationReader\a2l\shift_op_x.go", "Go", 49, 0, 0, 0, 0, 0, 0, 0, 5, 54
"c:\Users\user0\Documents\GitHub\calibrationReader\a2l\shift_op_y.go", "Go", 49, 0, 0, 0, 0, 0, 0, 0, 5, 54
"c:\Users\user0\Documents\GitHub\calibrationReader\a2l\shift_op_z.go", "Go", 49, 0, 0, 0, 0, 0, 0, 0, 5, 54
"c:\Users\user0\Documents\GitHub\calibrationReader\a2l\si_exponents.go", "Go", 111, 0, 0, 0, 0, 0, 0, 0, 5, 116
"c:\Users\user0\Documents\GitHub\calibrationReader\a2l\sign_extend.go", "Go", 16, 0, 0, 0, 0, 0, 0, 0, 4, 20
"c:\Users\user0\Documents\GitHub\calibrationReader\a2l\src_addr_4.go", "Go", 49, 0, 0, 0, 0, 0, 0, 0, 5, 54
"c:\Users\user0\Documents\GitHub\calibrationReader\a2l\src_addr_5.go", "Go", 49, 0, 0, 0, 0, 0, 0, 0, 5, 54
"c:\Users\user0\Documents\GitHub\calibrationReader\a2l\src_addr_x.go", "Go", 49, 0, 0, 0, 0, 0, 0, 0, 5, 54
"c:\Users\user0\Documents\GitHub\calibrationReader\a2l\src_addr_y.go", "Go", 49, 0, 0, 0, 0, 0, 0, 0, 5, 54
"c:\Users\user0\Documents\GitHub\calibrationReader\a2l\src_addr_z.go", "Go", 49, 0, 0, 0, 0, 0, 0, 0, 5, 54
"c:\Users\user0\Documents\GitHub\calibrationReader\a2l\static_address_offsets.go", "Go", 16, 0, 0, 0, 0, 0, 0, 0, 4, 20
"c:\Users\user0\Documents\GitHub\calibrationReader\a2l\static_record_layout.go", "Go", 16, 0, 0, 0, 0, 0, 0, 11, 4, 31
"c:\Users\user0\Documents\GitHub\calibrationReader\a2l\status_string_ref.go", "Go", 26, 0, 0, 0, 0, 0, 0, 0, 5, 31
"c:\Users\user0\Documents\GitHub\calibrationReader\a2l\step_size.go", "Go", 32, 0, 0, 0, 0, 0, 0, 0, 5, 37
"c:\Users\user0\Documents\GitHub\calibrationReader\a2l\structure_component.go", "Go", 79, 0, 0, 0, 0, 0, 0, 0, 5, 84
"c:\Users\user0\Documents\GitHub\calibrationReader\a2l\sub_function.go", "Go", 33, 0, 0, 0, 0, 0, 0, 0, 5, 38
"c:\Users\user0\Documents\GitHub\calibrationReader\a2l\sub_group.go", "Go", 33, 0, 0, 0, 0, 0, 0, 0, 5, 38
"c:\Users\user0\Documents\GitHub\calibrationReader\a2l\supplier.go", "Go", 26, 0, 0, 0, 0, 0, 0, 0, 5, 31
"c:\Users\user0\Documents\GitHub\calibrationReader\a2l\symbol_link.go", "Go", 45, 0, 0, 0, 0, 0, 0, 0, 6, 51
"c:\Users\user0\Documents\GitHub\calibrationReader\a2l\symbol_type_link.go", "Go", 24, 0, 0, 0, 0, 0, 0, 0, 5, 29
"c:\Users\user0\Documents\GitHub\calibrationReader\a2l\system_constant.go", "Go", 38, 0, 0, 0, 0, 0, 0, 0, 5, 43
"c:\Users\user0\Documents\GitHub\calibrationReader\a2l\token_generator.go", "Go", 277, 0, 0, 0, 0, 0, 0, 47, 26, 350
"c:\Users\user0\Documents\GitHub\calibrationReader\a2l\tokens.go", "Go", 504, 0, 0, 0, 0, 0, 0, 112, 3, 619
"c:\Users\user0\Documents\GitHub\calibrationReader\a2l\transformer.go", "Go", 98, 0, 0, 0, 0, 0, 0, 2, 5, 105
"c:\Users\user0\Documents\GitHub\calibrationReader\a2l\transformer_in_object.go", "Go", 33, 0, 0, 0, 0, 0, 0, 0, 5, 38
"c:\Users\user0\Documents\GitHub\calibrationReader\a2l\transformer_out_object.go", "Go", 33, 0, 0, 0, 0, 0, 0, 0, 5, 38
"c:\Users\user0\Documents\GitHub\calibrationReader\a2l\type_def_axis.go", "Go", 164, 0, 0, 0, 0, 0, 0, 0, 5, 169
"c:\Users\user0\Documents\GitHub\calibrationReader\a2l\type_def_blob.go", "Go", 62, 0, 0, 0, 0, 0, 0, 0, 5, 67
"c:\Users\user0\Documents\GitHub\calibrationReader\a2l\type_def_characteristic.go", "Go", 190, 0, 0, 0, 0, 0, 0, 0, 5, 195
"c:\Users\user0\Documents\GitHub\calibrationReader\a2l\type_def_measurement.go", "Go", 178, 0, 0, 0, 0, 0, 0, 0, 5, 183
"c:\Users\user0\Documents\GitHub\calibrationReader\a2l\type_def_structure.go", "Go", 88, 0, 0, 0, 0, 0, 0, 0, 5, 93
"c:\Users\user0\Documents\GitHub\calibrationReader\a2l\unit.go", "Go", 81, 0, 0, 0, 0, 0, 0, 0, 5, 86
"c:\Users\user0\Documents\GitHub\calibrationReader\a2l\unit_conversion.go", "Go", 51, 0, 0, 0, 0, 0, 0, 0, 5, 56
"c:\Users\user0\Documents\GitHub\calibrationReader\a2l\user.go", "Go", 26, 0, 0, 0, 0, 0, 0, 0, 6, 32
"c:\Users\user0\Documents\GitHub\calibrationReader\a2l\user_rights.go", "Go", 53, 0, 0, 0, 0, 0, 0, 0, 5, 58
"c:\Users\user0\Documents\GitHub\calibrationReader\a2l\var_address.go", "Go", 33, 0, 0, 0, 0, 0, 0, 0, 5, 38
"c:\Users\user0\Documents\GitHub\calibrationReader\a2l\var_characteristic.go", "Go", 51, 0, 0, 0, 0, 0, 0, 0, 5, 56
"c:\Users\user0\Documents\GitHub\calibrationReader\a2l\var_criterion.go", "Go", 63, 0, 0, 0, 0, 0, 0, 0, 5, 68
"c:\Users\user0\Documents\GitHub\calibrationReader\a2l\var_forbidden_comb.go", "Go", 44, 0, 0, 0, 0, 0, 0, 0, 5, 49
"c:\Users\user0\Documents\GitHub\calibrationReader\a2l\var_measurement.go", "Go", 26, 0, 0, 0, 0, 0, 0, 0, 5, 31
"c:\Users\user0\Documents\GitHub\calibrationReader\a2l\var_naming.go", "Go", 29, 0, 0, 0, 0, 0, 0, 0, 5, 34
"c:\Users\user0\Documents\GitHub\calibrationReader\a2l\var_selection_characteristic.go", "Go", 26, 0, 0, 0, 0, 0, 0, 0, 5, 31
"c:\Users\user0\Documents\GitHub\calibrationReader\a2l\var_separator.go", "Go", 26, 0, 0, 0, 0, 0, 0, 0, 5, 31
"c:\Users\user0\Documents\GitHub\calibrationReader\a2l\variant_coding.go", "Go", 77, 0, 0, 0, 0, 0, 0, 0, 5, 82
"c:\Users\user0\Documents\GitHub\calibrationReader\a2l\version.go", "Go", 26, 0, 0, 0, 0, 0, 0, 0, 5, 31
"c:\Users\user0\Documents\GitHub\calibrationReader\a2l\virtual.go", "Go", 33, 0, 0, 0, 0, 0, 0, 0, 5, 38
"c:\Users\user0\Documents\GitHub\calibrationReader\a2l\virtual_characteristic.go", "Go", 39, 0, 0, 0, 0, 0, 0, 0, 5, 44
"c:\Users\user0\Documents\GitHub\calibrationReader\axis_pts.go", "Go", 136, 0, 0, 0, 0, 0, 0, 5, 8, 149
"c:\Users\user0\Documents\GitHub\calibrationReader\calib_data.go", "Go", 536, 0, 0, 0, 0, 0, 0, 53, 31, 620
"c:\Users\user0\Documents\GitHub\calibrationReader\calib_data_test.go", "Go", 52, 0, 0, 0, 0, 0, 0, 3, 5, 60
"c:\Users\user0\Documents\GitHub\calibrationReader\characteristic_values.go", "Go", 26, 0, 0, 0, 0, 0, 0, 0, 6, 32
"c:\Users\user0\Documents\GitHub\calibrationReader\fnc_values.go", "Go", 1, 0, 0, 0, 0, 0, 0, 0, 1, 2
"c:\Users\user0\Documents\GitHub\calibrationReader\go.mod", "Go Module File", 0, 0, 0, 6, 0, 0, 0, 0, 3, 9
"c:\Users\user0\Documents\GitHub\calibrationReader\go.sum", "Go Checksum File", 0, 0, 0, 0, 15, 0, 0, 0, 1, 16
"c:\Users\user0\Documents\GitHub\calibrationReader\ihex32\data.go", "Go", 5, 0, 0, 0, 0, 0, 0, 3, 2, 10
"c:\Users\user0\Documents\GitHub\calibrationReader\ihex32\hex.go", "Go", 228, 0, 0, 0, 0, 0, 0, 32, 19, 279
"c:\Users\user0\Documents\GitHub\calibrationReader\ihex32\hex_test.go", "Go", 92, 0, 0, 0, 0, 0, 0, 4, 8, 104
"c:\Users\user0\Documents\GitHub\calibrationReader\ihex32\record.go", "Go", 164, 0, 0, 0, 0, 0, 0, 32, 12, 208
"c:\Users\user0\Documents\GitHub\calibrationReader\ihex32\tokens.go", "Go", 4, 0, 0, 0, 0, 0, 0, 5, 5, 14
"c:\Users\user0\Documents\GitHub\calibrationReader\offset_distance_op.go", "Go", 32, 0, 0, 0, 0, 0, 0, 1, 4, 37
"c:\Users\user0\Documents\GitHub\calibrationReader\record_manager.go", "Go", 210, 0, 0, 0, 0, 0, 0, 10, 11, 231
"c:\Users\user0\Documents\GitHub\calibrationReader\srec19\data.go", "Go", 5, 0, 0, 0, 0, 0, 0, 3, 2, 10
"c:\Users\user0\Documents\GitHub\calibrationReader\srec19\hex.go", "Go", 221, 0, 0, 0, 0, 0, 0, 30, 17, 268
"c:\Users\user0\Documents\GitHub\calibrationReader\srec19\hex_test.go", "Go", 93, 0, 0, 0, 0, 0, 0, 3, 8, 104
"c:\Users\user0\Documents\GitHub\calibrationReader\srec19\record.go", "Go", 126, 0, 0, 0, 0, 0, 0, 29, 10, 165
"c:\Users\user0\Documents\GitHub\calibrationReader\srec19\tokens.go", "Go", 3, 0, 0, 0, 0, 0, 0, 1, 2, 6
"c:\Users\user0\Documents\GitHub\calibrationReader\vendor\github.com\mattn\go-colorable\README.md", "Markdown", 0, 30, 0, 0, 0, 0, 0, 0, 19, 49
"c:\Users\user0\Documents\GitHub\calibrationReader\vendor\github.com\mattn\go-colorable\colorable_appengine.go", "Go", 24, 0, 0, 0, 0, 0, 0, 6, 9, 39
"c:\Users\user0\Documents\GitHub\calibrationReader\vendor\github.com\mattn\go-colorable\colorable_others.go", "Go", 24, 0, 0, 0, 0, 0, 0, 6, 9, 39
"c:\Users\user0\Documents\GitHub\calibrationReader\vendor\github.com\mattn\go-colorable\colorable_windows.go", "Go", 991, 0, 0, 0, 0, 0, 0, 12, 45, 1048
"c:\Users\user0\Documents\GitHub\calibrationReader\vendor\github.com\mattn\go-colorable\go.mod", "Go Module File", 0, 0, 0, 6, 0, 0, 0, 0, 3, 9
"c:\Users\user0\Documents\GitHub\calibrationReader\vendor\github.com\mattn\go-colorable\go.sum", "Go Checksum File", 0, 0, 0, 0, 5, 0, 0, 0, 1, 6
"c:\Users\user0\Documents\GitHub\calibrationReader\vendor\github.com\mattn\go-colorable\go.test.sh", "Shell Script", 0, 0, 0, 0, 0, 9, 0, 1, 3, 13
"c:\Users\user0\Documents\GitHub\calibrationReader\vendor\github.com\mattn\go-colorable\noncolorable.go", "Go", 48, 0, 0, 0, 0, 0, 0, 3, 7, 58
"c:\Users\user0\Documents\GitHub\calibrationReader\vendor\github.com\mattn\go-isatty\README.md", "Markdown", 0, 35, 0, 0, 0, 0, 0, 0, 16, 51
"c:\Users\user0\Documents\GitHub\calibrationReader\vendor\github.com\mattn\go-isatty\doc.go", "Go", 1, 0, 0, 0, 0, 0, 0, 1, 1, 3
"c:\Users\user0\Documents\GitHub\calibrationReader\vendor\github.com\mattn\go-isatty\go.mod", "Go Module File", 0, 0, 0, 3, 0, 0, 0, 0, 3, 6
"c:\Users\user0\Documents\GitHub\calibrationReader\vendor\github.com\mattn\go-isatty\go.sum", "Go Checksum File", 0, 0, 0, 0, 2, 0, 0, 0, 1, 3
"c:\Users\user0\Documents\GitHub\calibrationReader\vendor\github.com\mattn\go-isatty\go.test.sh", "Shell Script", 0, 0, 0, 0, 0, 9, 0, 1, 3, 13
"c:\Users\user0\Documents\GitHub\calibrationReader\vendor\github.com\mattn\go-isatty\isatty_bsd.go", "Go", 9, 0, 0, 0, 0, 0, 0, 6, 5, 20
"c:\Users\user0\Documents\GitHub\calibrationReader\vendor\github.com\mattn\go-isatty\isatty_others.go", "Go", 7, 0, 0, 0, 0, 0, 0, 6, 4, 17
"c:\Users\user0\Documents\GitHub\calibrationReader\vendor\github.com\mattn\go-isatty\isatty_plan9.go", "Go", 14, 0, 0, 0, 0, 0, 0, 5, 5, 24
"c:\Users\user0\Documents\GitHub\calibrationReader\vendor\github.com\mattn\go-isatty\isatty_solaris.go", "Go", 11, 0, 0, 0, 0, 0, 0, 6, 5, 22
"c:\Users\user0\Documents\GitHub\calibrationReader\vendor\github.com\mattn\go-isatty\isatty_tcgets.go", "Go", 9, 0, 0, 0, 0, 0, 0, 6, 5, 20
"c:\Users\user0\Documents\GitHub\calibrationReader\vendor\github.com\mattn\go-isatty\isatty_windows.go", "Go", 91, 0, 0, 0, 0, 0, 0, 15, 20, 126
"c:\Users\user0\Documents\GitHub\calibrationReader\vendor\github.com\rs\zerolog\README.md", "Markdown", 0, 520, 0, 0, 0, 0, 0, 0, 197, 717
"c:\Users\user0\Documents\GitHub\calibrationReader\vendor\github.com\rs\zerolog\_config.yml", "YAML", 0, 0, 1, 0, 0, 0, 0, 0, 1, 2
"c:\Users\user0\Documents\GitHub\calibrationReader\vendor\github.com\rs\zerolog\array.go", "Go", 168, 0, 0, 0, 0, 0, 0, 38, 35, 241
"c:\Users\user0\Documents\GitHub\calibrationReader\vendor\github.com\rs\zerolog\console.go", "Go", 370, 0, 0, 0, 0, 0, 0, 20, 57, 447
"c:\Users\user0\Documents\GitHub\calibrationReader\vendor\github.com\rs\zerolog\context.go", "Go", 296, 0, 0, 0, 0, 0, 0, 72, 66, 434
"c:\Users\user0\Documents\GitHub\calibrationReader\vendor\github.com\rs\zerolog\ctx.go", "Go", 29, 0, 0, 0, 0, 0, 0, 16, 7, 52
"c:\Users\user0\Documents\GitHub\calibrationReader\vendor\github.com\rs\zerolog\encoder.go", "Go", 54, 0, 0, 0, 0, 0, 0, 0, 3, 57
"c:\Users\user0\Documents\GitHub\calibrationReader\vendor\github.com\rs\zerolog\encoder_cbor.go", "Go", 25, 0, 0, 0, 0, 0, 0, 7, 11, 43
"c:\Users\user0\Documents\GitHub\calibrationReader\vendor\github.com\rs\zerolog\encoder_json.go", "Go", 25, 0, 0, 0, 0, 0, 0, 4, 11, 40
"c:\Users\user0\Documents\GitHub\calibrationReader\vendor\github.com\rs\zerolog\event.go", "Go", 582, 0, 0, 0, 0, 0, 0, 122, 77, 781
"c:\Users\user0\Documents\GitHub\calibrationReader\vendor\github.com\rs\zerolog\fields.go", "Go", 270, 0, 0, 0, 0, 0, 0, 2, 6, 278
"c:\Users\user0\Documents\GitHub\calibrationReader\vendor\github.com\rs\zerolog\globals.go", "Go", 66, 0, 0, 0, 0, 0, 0, 47, 30, 143
"c:\Users\user0\Documents\GitHub\calibrationReader\vendor\github.com\rs\zerolog\go.mod", "Go Module File", 0, 0, 0, 8, 0, 0, 0, 0, 3, 11
"c:\Users\user0\Documents\GitHub\calibrationReader\vendor\github.com\rs\zerolog\go.sum", "Go Checksum File", 0, 0, 0, 0, 14, 0, 0, 0, 1, 15
"c:\Users\user0\Documents\GitHub\calibrationReader\vendor\github.com\rs\zerolog\go112.go", "Go", 2, 0, 0, 0, 0, 0, 0, 3, 3, 8
"c:\Users\user0\Documents\GitHub\calibrationReader\vendor\github.com\rs\zerolog\hook.go", "Go", 50, 0, 0, 0, 0, 0, 0, 8, 7, 65
"c:\Users\user0\Documents\GitHub\calibrationReader\vendor\github.com\rs\zerolog\internal\cbor\README.md", "Markdown", 0, 45, 0, 0, 0, 0, 0, 0, 12, 57
"c:\Users\user0\Documents\GitHub\calibrationReader\vendor\github.com\rs\zerolog\internal\cbor\base.go", "Go", 9, 0, 0, 0, 0, 0, 0, 7, 4, 20
"c:\Users\user0\Documents\GitHub\calibrationReader\vendor\github.com\rs\zerolog\internal\cbor\cbor.go", "Go", 71, 0, 0, 0, 0, 0, 0, 12, 19, 102
"c:\Users\user0\Documents\GitHub\calibrationReader\vendor\github.com\rs\zerolog\internal\cbor\decode_stream.go", "Go", 539, 0, 0, 0, 0, 0, 0, 32, 44, 615
"c:\Users\user0\Documents\GitHub\calibrationReader\vendor\github.com\rs\zerolog\internal\cbor\string.go", "Go", 73, 0, 0, 0, 0, 0, 0, 10, 13, 96
"c:\Users\user0\Documents\GitHub\calibrationReader\vendor\github.com\rs\zerolog\internal\cbor\time.go", "Go", 77, 0, 0, 0, 0, 0, 0, 8, 9, 94
"c:\Users\user0\Documents\GitHub\calibrationReader\vendor\github.com\rs\zerolog\internal\cbor\types.go", "Go", 391, 0, 0, 0, 0, 0, 0, 45, 42, 478
"c:\Users\user0\Documents\GitHub\calibrationReader\vendor\github.com\rs\zerolog\internal\json\base.go", "Go", 9, 0, 0, 0, 0, 0, 0, 7, 4, 20
"c:\Users\user0\Documents\GitHub\calibrationReader\vendor\github.com\rs\zerolog\internal\json\bytes.go", "Go", 69, 0, 0, 0, 0, 0, 0, 12, 5, 86
"c:\Users\user0\Documents\GitHub\calibrationReader\vendor\github.com\rs\zerolog\internal\json\string.go", "Go", 105, 0, 0, 0, 0, 0, 0, 35, 10, 150
"c:\Users\user0\Documents\GitHub\calibrationReader\vendor\github.com\rs\zerolog\internal\json\time.go", "Go", 96, 0, 0, 0, 0, 0, 0, 9, 9, 114
"c:\Users\user0\Documents\GitHub\calibrationReader\vendor\github.com\rs\zerolog\internal\json\types.go", "Go", 290, 0, 0, 0, 0, 0, 0, 74, 42, 406
"c:\Users\user0\Documents\GitHub\calibrationReader\vendor\github.com\rs\zerolog\log.go", "Go", 261, 0, 0, 0, 0, 0, 0, 181, 35, 477
"c:\Users\user0\Documents\GitHub\calibrationReader\vendor\github.com\rs\zerolog\log\log.go", "Go", 63, 0, 0, 0, 0, 0, 0, 47, 22, 132
"c:\Users\user0\Documents\GitHub\calibrationReader\vendor\github.com\rs\zerolog\not_go112.go", "Go", 2, 0, 0, 0, 0, 0, 0, 1, 3, 6
"c:\Users\user0\Documents\GitHub\calibrationReader\vendor\github.com\rs\zerolog\sampler.go", "Go", 99, 0, 0, 0, 0, 0, 0, 22, 14, 135
"c:\Users\user0\Documents\GitHub\calibrationReader\vendor\github.com\rs\zerolog\syslog.go", "Go", 58, 0, 0, 0, 0, 0, 0, 13, 10, 81
"c:\Users\user0\Documents\GitHub\calibrationReader\vendor\github.com\rs\zerolog\writer.go", "Go", 113, 0, 0, 0, 0, 0, 0, 19, 23, 155
"c:\Users\user0\Documents\GitHub\calibrationReader\vendor\github.com\x448\float16\.travis.yml", "YAML", 0, 0, 9, 0, 0, 0, 0, 0, 5, 14
"c:\Users\user0\Documents\GitHub\calibrationReader\vendor\github.com\x448\float16\README.md", "Markdown", 0, 100, 0, 0, 0, 0, 0, 0, 34, 134
"c:\Users\user0\Documents\GitHub\calibrationReader\vendor\github.com\x448\float16\float16.go", "Go", 166, 0, 0, 0, 0, 0, 0, 82, 55, 303
"c:\Users\user0\Documents\GitHub\calibrationReader\vendor\github.com\x448\float16\go.mod", "Go Module File", 0, 0, 0, 2, 0, 0, 0, 0, 2, 4
"c:\Users\user0\Documents\GitHub\calibrationReader\vendor\golang.org\x\sys\internal\unsafeheader\unsafeheader.go", "Go", 13, 0, 0, 0, 0, 0, 0, 13, 5, 31
"c:\Users\user0\Documents\GitHub\calibrationReader\vendor\golang.org\x\sys\unix\README.md", "Markdown", 0, 138, 0, 0, 0, 0, 0, 0, 47, 185
"c:\Users\user0\Documents\GitHub\calibrationReader\vendor\golang.org\x\sys\unix\affinity_linux.go", "Go", 57, 0, 0, 0, 0, 0, 0, 14, 16, 87
"c:\Users\user0\Documents\GitHub\calibrationReader\vendor\golang.org\x\sys\unix\aliases.go", "Go", 5, 0, 0, 0, 0, 0, 0, 6, 5, 16
"c:\Users\user0\Documents\GitHub\calibrationReader\vendor\golang.org\x\sys\unix\bluetooth_linux.go", "Go", 25, 0, 0, 0, 0, 0, 0, 6, 6, 37
"c:\Users\user0\Documents\GitHub\calibrationReader\vendor\golang.org\x\sys\unix\cap_freebsd.go", "Go", 148, 0, 0, 0, 0, 0, 0, 20, 29, 197
"c:\Users\user0\Documents\GitHub\calibrationReader\vendor\golang.org\x\sys\unix\constants.go", "Go", 6, 0, 0, 0, 0, 0, 0, 5, 4, 15
"c:\Users\user0\Documents\GitHub\calibrationReader\vendor\golang.org\x\sys\unix\dev_aix_ppc.go", "Go", 10, 0, 0, 0, 0, 0, 0, 11, 7, 28
"c:\Users\user0\Documents\GitHub\calibrationReader\vendor\golang.org\x\sys\unix\dev_aix_ppc64.go", "Go", 12, 0, 0, 0, 0, 0, 0, 11, 7, 30
"c:\Users\user0\Documents\GitHub\calibrationReader\vendor\golang.org\x\sys\unix\dev_darwin.go", "Go", 10, 0, 0, 0, 0, 0, 0, 9, 6, 25
"c:\Users\user0\Documents\GitHub\calibrationReader\vendor\golang.org\x\sys\unix\dev_dragonfly.go", "Go", 10, 0, 0, 0, 0, 0, 0, 15, 6, 31
"c:\Users\user0\Documents\GitHub\calibrationReader\vendor\golang.org\x\sys\unix\dev_freebsd.go", "Go", 10, 0, 0, 0, 0, 0, 0, 15, 6, 31
"c:\Users\user0\Documents\GitHub\calibrationReader\vendor\golang.org\x\sys\unix\dev_linux.go", "Go", 18, 0, 0, 0, 0, 0, 0, 19, 6, 43
"c:\Users\user0\Documents\GitHub\calibrationReader\vendor\golang.org\x\sys\unix\dev_netbsd.go", "Go", 15, 0, 0, 0, 0, 0, 0, 9, 6, 30
"c:\Users\user0\Documents\GitHub\calibrationReader\vendor\golang.org\x\sys\unix\dev_openbsd.go", "Go", 15, 0, 0, 0, 0, 0, 0, 9, 6, 30
"c:\Users\user0\Documents\GitHub\calibrationReader\vendor\golang.org\x\sys\unix\dev_zos.go", "Go", 10, 0, 0, 0, 0, 0, 0, 13, 7, 30
"c:\Users\user0\Documents\GitHub\calibrationReader\vendor\golang.org\x\sys\unix\dirent.go", "Go", 85, 0, 0, 0, 0, 0, 0, 11, 8, 104
"c:\Users\user0\Documents\GitHub\calibrationReader\vendor\golang.org\x\sys\unix\endian_big.go", "Go", 2, 0, 0, 0, 0, 0, 0, 6, 3, 11
"c:\Users\user0\Documents\GitHub\calibrationReader\vendor\golang.org\x\sys\unix\endian_little.go", "Go", 2, 0, 0, 0, 0, 0, 0, 6, 3, 11
"c:\Users\user0\Documents\GitHub\calibrationReader\vendor\golang.org\x\sys\unix\env_unix.go", "Go", 17, 0, 0, 0, 0, 0, 0, 6, 10, 33
"c:\Users\user0\Documents\GitHub\calibrationReader\vendor\golang.org\x\sys\unix\epoll_zos.go", "Go", 155, 0, 0, 0, 0, 0, 0, 30, 37, 222
"c:\Users\user0\Documents\GitHub\calibrationReader\vendor\golang.org\x\sys\unix\errors_freebsd_386.go", "Go", 225, 0, 0, 0, 0, 0, 0, 5, 4, 234
"c:\Users\user0\Documents\GitHub\calibrationReader\vendor\golang.org\x\sys\unix\errors_freebsd_amd64.go", "Go", 225, 0, 0, 0, 0, 0, 0, 5, 4, 234
"c:\Users\user0\Documents\GitHub\calibrationReader\vendor\golang.org\x\sys\unix\errors_freebsd_arm.go", "Go", 219, 0, 0, 0, 0, 0, 0, 4, 4, 227
"c:\Users\user0\Documents\GitHub\calibrationReader\vendor\golang.org\x\sys\unix\errors_freebsd_arm64.go", "Go", 9, 0, 0, 0, 0, 0, 0, 5, 4, 18
"c:\Users\user0\Documents\GitHub\calibrationReader\vendor\golang.org\x\sys\unix\fcntl.go", "Go", 21, 0, 0, 0, 0, 0, 0, 9, 8, 38
"c:\Users\user0\Documents\GitHub\calibrationReader\vendor\golang.org\x\sys\unix\fcntl_darwin.go", "Go", 13, 0, 0, 0, 0, 0, 0, 6, 6, 25
"c:\Users\user0\Documents\GitHub\calibrationReader\vendor\golang.org\x\sys\unix\fcntl_linux_32bit.go", "Go", 4, 0, 0, 0, 0, 0, 0, 7, 4, 15
"c:\Users\user0\Documents\GitHub\calibrationReader\vendor\golang.org\x\sys\unix\fdset.go", "Go", 15, 0, 0, 0, 0, 0, 0, 9, 7, 31
"c:\Users\user0\Documents\GitHub\calibrationReader\vendor\golang.org\x\sys\unix\fstatfs_zos.go", "Go", 146, 0, 0, 0, 0, 0, 0, 8, 11, 165
"c:\Users\user0\Documents\GitHub\calibrationReader\vendor\golang.org\x\sys\unix\gccgo.go", "Go", 40, 0, 0, 0, 0, 0, 0, 7, 14, 61
"c:\Users\user0\Documents\GitHub\calibrationReader\vendor\golang.org\x\sys\unix\gccgo_c.c", "C", 0, 0, 0, 0, 0, 0, 28, 7, 11, 46
"c:\Users\user0\Documents\GitHub\calibrationReader\vendor\golang.org\x\sys\unix\gccgo_linux_amd64.go", "Go", 10, 0, 0, 0, 0, 0, 0, 6, 6, 22
"c:\Users\user0\Documents\GitHub\calibrationReader\vendor\golang.org\x\sys\unix\ifreq_linux.go", "Go", 72, 0, 0, 0, 0, 0, 0, 51, 27, 150
"c:\Users\user0\Documents\GitHub\calibrationReader\vendor\golang.org\x\sys\unix\ioctl.go", "Go", 37, 0, 0, 0, 0, 0, 0, 27, 12, 76
"c:\Users\user0\Documents\GitHub\calibrationReader\vendor\golang.org\x\sys\unix\ioctl_linux.go", "Go", 131, 0, 0, 0, 0, 0, 0, 35, 31, 197
"c:\Users\user0\Documents\GitHub\calibrationReader\vendor\golang.org\x\sys\unix\ioctl_zos.go", "Go", 39, 0, 0, 0, 0, 0, 0, 25, 11, 75
"c:\Users\user0\Documents\GitHub\calibrationReader\vendor\golang.org\x\sys\unix\mkall.sh", "Shell Script", 0, 0, 0, 0, 0, 196, 0, 27, 9, 232
"c:\Users\user0\Documents\GitHub\calibrationReader\vendor\golang.org\x\sys\unix\mkerrors.sh", "Shell Script", 0, 0, 0, 0, 0, 365, 0, 329, 66, 760
"c:\Users\user0\Documents\GitHub\calibrationReader\vendor\golang.org\x\sys\unix\pagesize_unix.go", "Go", 5, 0, 0, 0, 0, 0, 0, 6, 6, 17
"c:\Users\user0\Documents\GitHub\calibrationReader\vendor\golang.org\x\sys\unix\pledge_openbsd.go", "Go", 102, 0, 0, 0, 0, 0, 0, 33, 29, 164
"c:\Users\user0\Documents\GitHub\calibrationReader\vendor\golang.org\x\sys\unix\ptrace_darwin.go", "Go", 4, 0, 0, 0, 0, 0, 0, 5, 4, 13
"c:\Users\user0\Documents\GitHub\calibrationReader\vendor\golang.org\x\sys\unix\ptrace_ios.go", "Go", 4, 0, 0, 0, 0, 0, 0, 5, 4, 13
"c:\Users\user0\Documents\GitHub\calibrationReader\vendor\golang.org\x\sys\unix\race.go", "Go", 18, 0, 0, 0, 0, 0, 0, 5, 9, 32
"c:\Users\user0\Documents\GitHub\calibrationReader\vendor\golang.org\x\sys\unix\race0.go", "Go", 13, 0, 0, 0, 0, 0, 0, 5, 9, 27
"c:\Users\user0\Documents\GitHub\calibrationReader\vendor\golang.org\x\sys\unix\readdirent_getdents.go", "Go", 4, 0, 0, 0, 0, 0, 0, 6, 4, 14
"c:\Users\user0\Documents\GitHub\calibrationReader\vendor\golang.org\x\sys\unix\readdirent_getdirentries.go", "Go", 6, 0, 0, 0, 0, 0, 0, 10, 5, 21
"c:\Users\user0\Documents\GitHub\calibrationReader\vendor\golang.org\x\sys\unix\sockcmsg_dragonfly.go", "Go", 8, 0, 0, 0, 0, 0, 0, 6, 3, 17
"c:\Users\user0\Documents\GitHub\calibrationReader\vendor\golang.org\x\sys\unix\sockcmsg_linux.go", "Go", 21, 0, 0, 0, 0, 0, 0, 10, 6, 37
"c:\Users\user0\Documents\GitHub\calibrationReader\vendor\golang.org\x\sys\unix\sockcmsg_unix.go", "Go", 64, 0, 0, 0, 0, 0, 0, 17, 13, 94
"c:\Users\user0\Documents\GitHub\calibrationReader\vendor\golang.org\x\sys\unix\sockcmsg_unix_other.go", "Go", 25, 0, 0, 0, 0, 0, 0, 16, 7, 48
"c:\Users\user0\Documents\GitHub\calibrationReader\vendor\golang.org\x\sys\unix\str.go", "Go", 18, 0, 0, 0, 0, 0, 0, 5, 5, 28
"c:\Users\user0\Documents\GitHub\calibrationReader\vendor\golang.org\x\sys\unix\syscall.go", "Go", 47, 0, 0, 0, 0, 0, 0, 36, 13, 96
"c:\Users\user0\Documents\GitHub\calibrationReader\vendor\golang.org\x\sys\unix\syscall_aix.go", "Go", 315, 0, 0, 0, 0, 0, 0, 158, 81, 554
"c:\Users\user0\Documents\GitHub\calibrationReader\vendor\golang.org\x\sys\unix\syscall_aix_ppc.go", "Go", 31, 0, 0, 0, 0, 0, 0, 9, 15, 55
"c:\Users\user0\Documents\GitHub\calibrationReader\vendor\golang.org\x\sys\unix\syscall_aix_ppc64.go", "Go", 56, 0, 0, 0, 0, 0, 0, 14, 16, 86
"c:\Users\user0\Documents\GitHub\calibrationReader\vendor\golang.org\x\sys\unix\syscall_bsd.go", "Go", 504, 0, 0, 0, 0, 0, 0, 78, 83, 665
"c:\Users\user0\Documents\GitHub\calibrationReader\vendor\golang.org\x\sys\unix\syscall_darwin.1_12.go", "Go", 19, 0, 0, 0, 0, 0, 0, 8, 6, 33
"c:\Users\user0\Documents\GitHub\calibrationReader\vendor\golang.org\x\sys\unix\syscall_darwin.1_13.go", "Go", 65, 0, 0, 0, 0, 0, 0, 28, 16, 109
"c:\Users\user0\Documents\GitHub\calibrationReader\vendor\golang.org\x\sys\unix\syscall_darwin.go", "Go", 270, 0, 0, 0, 0, 0, 0, 377, 75, 722
"c:\Users\user0\Documents\GitHub\calibrationReader\vendor\golang.org\x\sys\unix\syscall_darwin_amd64.go", "Go", 26, 0, 0, 0, 0, 0, 0, 13, 13, 52
"c:\Users\user0\Documents\GitHub\calibrationReader\vendor\golang.org\x\sys\unix\syscall_darwin_arm64.go", "Go", 26, 0, 0, 0, 0, 0, 0, 13, 13, 52
"c:\Users\user0\Documents\GitHub\calibrationReader\vendor\golang.org\x\sys\unix\syscall_darwin_libSystem.go", "Go", 9, 0, 0, 0, 0, 0, 0, 13, 6, 28
"c:\Users\user0\Documents\GitHub\calibrationReader\vendor\golang.org\x\sys\unix\syscall_dragonfly.go", "Go", 168, 0, 0, 0, 0, 0, 0, 335, 39, 542
"c:\Users\user0\Documents\GitHub\calibrationReader\vendor\golang.org\x\sys\unix\syscall_dragonfly_amd64.go", "Go", 38, 0, 0, 0, 0, 0, 0, 5, 15, 58
"c:\Users\user0\Documents\GitHub\calibrationReader\vendor\golang.org\x\sys\unix\syscall_freebsd.go", "Go", 423, 0, 0, 0, 0, 0, 0, 365, 85, 873
"c:\Users\user0\Documents\GitHub\calibrationReader\vendor\golang.org\x\sys\unix\syscall_freebsd_386.go", "Go", 46, 0, 0, 0, 0, 0, 0, 5, 17, 68
"c:\Users\user0\Documents\GitHub\calibrationReader\vendor\golang.org\x\sys\unix\syscall_freebsd_amd64.go", "Go", 46, 0, 0, 0, 0, 0, 0, 5, 17, 68
"c:\Users\user0\Documents\GitHub\calibrationReader\vendor\golang.org\x\sys\unix\syscall_freebsd_arm.go", "Go", 43, 0, 0, 0, 0, 0, 0, 5, 16, 64
"c:\Users\user0\Documents\GitHub\calibrationReader\vendor\golang.org\x\sys\unix\syscall_freebsd_arm64.go", "Go", 43, 0, 0, 0, 0, 0, 0, 5, 16, 64
"c:\Users\user0\Documents\GitHub\calibrationReader\vendor\golang.org\x\sys\unix\syscall_illumos.go", "Go", 137, 0, 0, 0, 0, 0, 0, 16, 34, 187
"c:\Users\user0\Documents\GitHub\calibrationReader\vendor\golang.org\x\sys\unix\syscall_linux.go", "Go", 1533, 0, 0, 0, 0, 0, 0, 608, 285, 2426
"c:\Users\user0\Documents\GitHub\calibrationReader\vendor\golang.org\x\sys\unix\syscall_linux_386.go", "Go", 251, 0, 0, 0, 0, 0, 0, 55, 49, 355
"c:\Users\user0\Documents\GitHub\calibrationReader\vendor\golang.org\x\sys\unix\syscall_linux_amd64.go", "Go", 62, 0, 0, 0, 0, 0, 0, 65, 25, 152
"c:\Users\user0\Documents\GitHub\calibrationReader\vendor\golang.org\x\sys\unix\syscall_linux_amd64_gc.go", "Go", 3, 0, 0, 0, 0, 0, 0, 6, 5, 14
"c:\Users\user0\Documents\GitHub\calibrationReader\vendor\golang.org\x\sys\unix\syscall_linux_arm.go", "Go", 144, 0, 0, 0, 0, 0, 0, 65, 41, 250
"c:\Users\user0\Documents\GitHub\calibrationReader\vendor\golang.org\x\sys\unix\syscall_linux_arm64.go", "Go", 107, 0, 0, 0, 0, 0, 0, 59, 34, 200
"c:\Users\user0\Documents\GitHub\calibrationReader\vendor\golang.org\x\sys\unix\syscall_linux_gc.go", "Go", 3, 0, 0, 0, 0, 0, 0, 8, 5, 16
"c:\Users\user0\Documents\GitHub\calibrationReader\vendor\golang.org\x\sys\unix\syscall_linux_gc_386.go", "Go", 5, 0, 0, 0, 0, 0, 0, 7, 6, 18
"c:\Users\user0\Documents\GitHub\calibrationReader\vendor\golang.org\x\sys\unix\syscall_linux_gc_arm.go", "Go", 3, 0, 0, 0, 0, 0, 0, 7, 5, 15
"c:\Users\user0\Documents\GitHub\calibrationReader\vendor\golang.org\x\sys\unix\syscall_linux_gccgo_386.go", "Go", 20, 0, 0, 0, 0, 0, 0, 5, 7, 32
"c:\Users\user0\Documents\GitHub\calibrationReader\vendor\golang.org\x\sys\unix\syscall_linux_gccgo_arm.go", "Go", 12, 0, 0, 0, 0, 0, 0, 5, 5, 22
"c:\Users\user0\Documents\GitHub\calibrationReader\vendor\golang.org\x\sys\unix\syscall_linux_mips64x.go", "Go", 108, 0, 0, 0, 0, 0, 0, 62, 27, 197
"c:\Users\user0\Documents\GitHub\calibrationReader\vendor\golang.org\x\sys\unix\syscall_linux_mipsx.go", "Go", 111, 0, 0, 0, 0, 0, 0, 63, 35, 209
"c:\Users\user0\Documents\GitHub\calibrationReader\vendor\golang.org\x\sys\unix\syscall_linux_ppc.go", "Go", 134, 0, 0, 0, 0, 0, 0, 67, 37, 238
"c:\Users\user0\Documents\GitHub\calibrationReader\vendor\golang.org\x\sys\unix\syscall_linux_ppc64x.go", "Go", 34, 0, 0, 0, 0, 0, 0, 72, 18, 124
"c:\Users\user0\Documents\GitHub\calibrationReader\vendor\golang.org\x\sys\unix\syscall_linux_riscv64.go", "Go", 96, 0, 0, 0, 0, 0, 0, 56, 33, 185
"c:\Users\user0\Documents\GitHub\calibrationReader\vendor\golang.org\x\sys\unix\syscall_linux_s390x.go", "Go", 218, 0, 0, 0, 0, 0, 0, 55, 39, 312
"c:\Users\user0\Documents\GitHub\calibrationReader\vendor\golang.org\x\sys\unix\syscall_linux_sparc64.go", "Go", 41, 0, 0, 0, 0, 0, 0, 61, 18, 120
"c:\Users\user0\Documents\GitHub\calibrationReader\vendor\golang.org\x\sys\unix\syscall_netbsd.go", "Go", 177, 0, 0, 0, 0, 0, 0, 400, 42, 619
"c:\Users\user0\Documents\GitHub\calibrationReader\vendor\golang.org\x\sys\unix\syscall_netbsd_386.go", "Go", 24, 0, 0, 0, 0, 0, 0, 5, 10, 39
"c:\Users\user0\Documents\GitHub\calibrationReader\vendor\golang.org\x\sys\unix\syscall_netbsd_amd64.go", "Go", 24, 0, 0, 0, 0, 0, 0, 5, 10, 39
"c:\Users\user0\Documents\GitHub\calibrationReader\vendor\golang.org\x\sys\unix\syscall_netbsd_arm.go", "Go", 24, 0, 0, 0, 0, 0, 0, 5, 10, 39
"c:\Users\user0\Documents\GitHub\calibrationReader\vendor\golang.org\x\sys\unix\syscall_netbsd_arm64.go", "Go", 24, 0, 0, 0, 0, 0, 0, 5, 10, 39
"c:\Users\user0\Documents\GitHub\calibrationReader\vendor\golang.org\x\sys\unix\syscall_openbsd.go", "Go", 156, 0, 0, 0, 0, 0, 0, 200, 35, 391
"c:\Users\user0\Documents\GitHub\calibrationReader\vendor\golang.org\x\sys\unix\syscall_openbsd_386.go", "Go", 25, 0, 0, 0, 0, 0, 0, 7, 11, 43
"c:\Users\user0\Documents\GitHub\calibrationReader\vendor\golang.org\x\sys\unix\syscall_openbsd_amd64.go", "Go", 25, 0, 0, 0, 0, 0, 0, 7, 11, 43
"c:\Users\user0\Documents\GitHub\calibrationReader\vendor\golang.org\x\sys\unix\syscall_openbsd_arm.go", "Go", 25, 0, 0, 0, 0, 0, 0, 7, 11, 43
"c:\Users\user0\Documents\GitHub\calibrationReader\vendor\golang.org\x\sys\unix\syscall_openbsd_arm64.go", "Go", 25, 0, 0, 0, 0, 0, 0, 7, 11, 43
"c:\Users\user0\Documents\GitHub\calibrationReader\vendor\golang.org\x\sys\unix\syscall_openbsd_mips64.go", "Go", 22, 0, 0, 0, 0, 0, 0, 5, 9, 36
"c:\Users\user0\Documents\GitHub\calibrationReader\vendor\golang.org\x\sys\unix\syscall_solaris.go", "Go", 670, 0, 0, 0, 0, 0, 0, 208, 109, 987
"c:\Users\user0\Documents\GitHub\calibrationReader\vendor\golang.org\x\sys\unix\syscall_solaris_amd64.go", "Go", 16, 0, 0, 0, 0, 0, 0, 5, 8, 29
"c:\Users\user0\Documents\GitHub\calibrationReader\vendor\golang.org\x\sys\unix\syscall_unix.go", "Go", 337, 0, 0, 0, 0, 0, 0, 37, 62, 436
"c:\Users\user0\Documents\GitHub\calibrationReader\vendor\golang.org\x\sys\unix\syscall_unix_gc.go", "Go", 6, 0, 0, 0, 0, 0, 0, 8, 5, 19
"c:\Users\user0\Documents\GitHub\calibrationReader\vendor\golang.org\x\sys\unix\syscall_unix_gc_ppc64x.go", "Go", 14, 0, 0, 0, 0, 0, 0, 7, 5, 26
"c:\Users\user0\Documents\GitHub\calibrationReader\vendor\golang.org\x\sys\unix\syscall_zos_s390x.go", "Go", 1418, 0, 0, 0, 0, 0, 0, 206, 206, 1830
"c:\Users\user0\Documents\GitHub\calibrationReader\vendor\golang.org\x\sys\unix\timestruct.go", "Go", 44, 0, 0, 0, 0, 0, 0, 20, 14, 78
"c:\Users\user0\Documents\GitHub\calibrationReader\vendor\golang.org\x\sys\unix\unveil_openbsd.go", "Go", 28, 0, 0, 0, 0, 0, 0, 10, 5, 43
"c:\Users\user0\Documents\GitHub\calibrationReader\vendor\golang.org\x\sys\unix\xattr_bsd.go", "Go", 178, 0, 0, 0, 0, 0, 0, 16, 48, 242
"c:\Users\user0\Documents\GitHub\calibrationReader\vendor\golang.org\x\sys\unix\zerrors_aix_ppc.go", "Go", 1366, 0, 0, 0, 0, 0, 0, 10, 10, 1386
"c:\Users\user0\Documents\GitHub\calibrationReader\vendor\golang.org\x\sys\unix\zerrors_aix_ppc64.go", "Go", 1367, 0, 0, 0, 0, 0, 0, 10, 10, 1387
"c:\Users\user0\Documents\GitHub\calibrationReader\vendor\golang.org\x\sys\unix\zerrors_darwin_amd64.go", "Go", 1847, 0, 0, 0, 0, 0, 0, 10, 10, 1867
"c:\Users\user0\Documents\GitHub\calibrationReader\vendor\golang.org\x\sys\unix\zerrors_darwin_arm64.go", "Go", 1847, 0, 0, 0, 0, 0, 0, 10, 10, 1867
"c:\Users\user0\Documents\GitHub\calibrationReader\vendor\golang.org\x\sys\unix\zerrors_dragonfly_amd64.go", "Go", 1719, 0, 0, 0, 0, 0, 0, 10, 10, 1739
"c:\Users\user0\Documents\GitHub\calibrationReader\vendor\golang.org\x\sys\unix\zerrors_freebsd_386.go", "Go", 1929, 0, 0, 0, 0, 0, 0, 10, 10, 1949
"c:\Users\user0\Documents\GitHub\calibrationReader\vendor\golang.org\x\sys\unix\zerrors_freebsd_amd64.go", "Go", 1928, 0, 0, 0, 0, 0, 0, 10, 10, 1948
"c:\Users\user0\Documents\GitHub\calibrationReader\vendor\golang.org\x\sys\unix\zerrors_freebsd_arm.go", "Go", 1827, 0, 0, 0, 0, 0, 0, 10, 10, 1847
"c:\Users\user0\Documents\GitHub\calibrationReader\vendor\golang.org\x\sys\unix\zerrors_freebsd_arm64.go", "Go", 1929, 0, 0, 0, 0, 0, 0, 10, 10, 1949
"c:\Users\user0\Documents\GitHub\calibrationReader\vendor\golang.org\x\sys\unix\zerrors_linux.go", "Go", 2956, 0, 0, 0, 0, 0, 0, 5, 7, 2968
"c:\Users\user0\Documents\GitHub\calibrationReader\vendor\golang.org\x\sys\unix\zerrors_linux_386.go", "Go", 803, 0, 0, 0, 0, 0, 0, 10, 10, 823
"c:\Users\user0\Documents\GitHub\calibrationReader\vendor\golang.org\x\sys\unix\zerrors_linux_amd64.go", "Go", 803, 0, 0, 0, 0, 0, 0, 10, 10, 823
"c:\Users\user0\Documents\GitHub\calibrationReader\vendor\golang.org\x\sys\unix\zerrors_linux_arm.go", "Go", 809, 0, 0, 0, 0, 0, 0, 10, 10, 829
"c:\Users\user0\Documents\GitHub\calibrationReader\vendor\golang.org\x\sys\unix\zerrors_linux_arm64.go", "Go", 800, 0, 0, 0, 0, 0, 0, 10, 10, 820
"c:\Users\user0\Documents\GitHub\calibrationReader\vendor\golang.org\x\sys\unix\zerrors_linux_mips.go", "Go", 810, 0, 0, 0, 0, 0, 0, 10, 10, 830
"c:\Users\user0\Documents\GitHub\calibrationReader\vendor\golang.org\x\sys\unix\zerrors_linux_mips64.go", "Go", 810, 0, 0, 0, 0, 0, 0, 10, 10, 830
"c:\Users\user0\Documents\GitHub\calibrationReader\vendor\golang.org\x\sys\unix\zerrors_linux_mips64le.go", "Go", 810, 0, 0, 0, 0, 0, 0, 10, 10, 830
"c:\Users\user0\Documents\GitHub\calibrationReader\vendor\golang.org\x\sys\unix\zerrors_linux_mipsle.go", "Go", 810, 0, 0, 0, 0, 0, 0, 10, 10, 830
"c:\Users\user0\Documents\GitHub\calibrationReader\vendor\golang.org\x\sys\unix\zerrors_linux_ppc.go", "Go", 862, 0, 0, 0, 0, 0, 0, 10, 10, 882
"c:\Users\user0\Documents\GitHub\calibrationReader\vendor\golang.org\x\sys\unix\zerrors_linux_ppc64.go", "Go", 866, 0, 0, 0, 0, 0, 0, 10, 10, 886
"c:\Users\user0\Documents\GitHub\calibrationReader\vendor\golang.org\x\sys\unix\zerrors_linux_ppc64le.go", "Go", 866, 0, 0, 0, 0, 0, 0, 10, 10, 886
"c:\Users\user0\Documents\GitHub\calibrationReader\vendor\golang.org\x\sys\unix\zerrors_linux_riscv64.go", "Go", 790, 0, 0, 0, 0, 0, 0, 10, 10, 810
"c:\Users\user0\Documents\GitHub\calibrationReader\vendor\golang.org\x\sys\unix\zerrors_linux_s390x.go", "Go", 865, 0, 0, 0, 0, 0, 0, 10, 10, 885
"c:\Users\user0\Documents\GitHub\calibrationReader\vendor\golang.org\x\sys\unix\zerrors_linux_sparc64.go", "Go", 860, 0, 0, 0, 0, 0, 0, 10, 10, 880
"c:\Users\user0\Documents\GitHub\calibrationReader\vendor\golang.org\x\sys\unix\zerrors_netbsd_386.go", "Go", 1761, 0, 0, 0, 0, 0, 0, 10, 10, 1781
"c:\Users\user0\Documents\GitHub\calibrationReader\vendor\golang.org\x\sys\unix\zerrors_netbsd_amd64.go", "Go", 1751, 0, 0, 0, 0, 0, 0, 10, 10, 1771
"c:\Users\user0\Documents\GitHub\calibrationReader\vendor\golang.org\x\sys\unix\zerrors_netbsd_arm.go", "Go", 1740, 0, 0, 0, 0, 0, 0, 10, 10, 1760
"c:\Users\user0\Documents\GitHub\calibrationReader\vendor\golang.org\x\sys\unix\zerrors_netbsd_arm64.go", "Go", 1751, 0, 0, 0, 0, 0, 0, 10, 10, 1771
"c:\Users\user0\Documents\GitHub\calibrationReader\vendor\golang.org\x\sys\unix\zerrors_openbsd_386.go", "Go", 1649, 0, 0, 0, 0, 0, 0, 10, 10, 1669
"c:\Users\user0\Documents\GitHub\calibrationReader\vendor\golang.org\x\sys\unix\zerrors_openbsd_amd64.go", "Go", 1756, 0, 0, 0, 0, 0, 0, 10, 10, 1776
"c:\Users\user0\Documents\GitHub\calibrationReader\vendor\golang.org\x\sys\unix\zerrors_openbsd_arm.go", "Go", 1651, 0, 0, 0, 0, 0, 0, 10, 10, 1671
"c:\Users\user0\Documents\GitHub\calibrationReader\vendor\golang.org\x\sys\unix\zerrors_openbsd_arm64.go", "Go", 1779, 0, 0, 0, 0, 0, 0, 10, 10, 1799
"c:\Users\user0\Documents\GitHub\calibrationReader\vendor\golang.org\x\sys\unix\zerrors_openbsd_mips64.go", "Go", 1844, 0, 0, 0, 0, 0, 0, 10, 10, 1864
"c:\Users\user0\Documents\GitHub\calibrationReader\vendor\golang.org\x\sys\unix\zerrors_solaris_amd64.go", "Go", 1538, 0, 0, 0, 0, 0, 0, 10, 10, 1558
"c:\Users\user0\Documents\GitHub\calibrationReader\vendor\golang.org\x\sys\unix\zerrors_zos_s390x.go", "Go", 842, 0, 0, 0, 0, 0, 0, 10, 9, 861
"c:\Users\user0\Documents\GitHub\calibrationReader\vendor\golang.org\x\sys\unix\zptrace_armnn_linux.go", "Go", 23, 0, 0, 0, 0, 0, 0, 10, 10, 43
"c:\Users\user0\Documents\GitHub\calibrationReader\vendor\golang.org\x\sys\unix\zptrace_linux_arm64.go", "Go", 10, 0, 0, 0, 0, 0, 0, 3, 5, 18
"c:\Users\user0\Documents\GitHub\calibrationReader\vendor\golang.org\x\sys\unix\zptrace_mipsnn_linux.go", "Go", 32, 0, 0, 0, 0, 0, 0, 10, 10, 52
"c:\Users\user0\Documents\GitHub\calibrationReader\vendor\golang.org\x\sys\unix\zptrace_mipsnnle_linux.go", "Go", 32, 0, 0, 0, 0, 0, 0, 10, 10, 52
"c:\Users\user0\Documents\GitHub\calibrationReader\vendor\golang.org\x\sys\unix\zptrace_x86_linux.go", "Go", 62, 0, 0, 0, 0, 0, 0, 10, 10, 82
"c:\Users\user0\Documents\GitHub\calibrationReader\vendor\golang.org\x\sys\unix\zsyscall_aix_ppc.go", "Go", 992, 0, 0, 0, 0, 0, 0, 248, 246, 1486
"c:\Users\user0\Documents\GitHub\calibrationReader\vendor\golang.org\x\sys\unix\zsyscall_aix_ppc64.go", "Go", 1073, 0, 0, 0, 0, 0, 0, 125, 246, 1444
"c:\Users\user0\Documents\GitHub\calibrationReader\vendor\golang.org\x\sys\unix\zsyscall_aix_ppc64_gc.go", "Go", 594, 0, 0, 0, 0, 0, 0, 356, 243, 1193
"c:\Users\user0\Documents\GitHub\calibrationReader\vendor\golang.org\x\sys\unix\zsyscall_aix_ppc64_gccgo.go", "Go", 590, 0, 0, 0, 0, 0, 0, 243, 238, 1071
"c:\Users\user0\Documents\GitHub\calibrationReader\vendor\golang.org\x\sys\unix\zsyscall_darwin_amd64.1_13.go", "Go", 20, 0, 0, 0, 0, 0, 0, 8, 13, 41
"c:\Users\user0\Documents\GitHub\calibrationReader\vendor\golang.org\x\sys\unix\zsyscall_darwin_amd64.go", "Go", 1565, 0, 0, 0, 0, 0, 0, 290, 577, 2432
"c:\Users\user0\Documents\GitHub\calibrationReader\vendor\golang.org\x\sys\unix\zsyscall_darwin_arm64.1_13.go", "Go", 20, 0, 0, 0, 0, 0, 0, 8, 13, 41
"c:\Users\user0\Documents\GitHub\calibrationReader\vendor\golang.org\x\sys\unix\zsyscall_darwin_arm64.go", "Go", 1565, 0, 0, 0, 0, 0, 0, 290, 577, 2432
"c:\Users\user0\Documents\GitHub\calibrationReader\vendor\golang.org\x\sys\unix\zsyscall_dragonfly_amd64.go", "Go", 1272, 0, 0, 0, 0, 0, 0, 137, 271, 1680
"c:\Users\user0\Documents\GitHub\calibrationReader\vendor\golang.org\x\sys\unix\zsyscall_freebsd_386.go", "Go", 1543, 0, 0, 0, 0, 0, 0, 159, 315, 2017
"c:\Users\user0\Documents\GitHub\calibrationReader\vendor\golang.org\x\sys\unix\zsyscall_freebsd_amd64.go", "Go", 1543, 0, 0, 0, 0, 0, 0, 159, 315, 2017
"c:\Users\user0\Documents\GitHub\calibrationReader\vendor\golang.org\x\sys\unix\zsyscall_freebsd_arm.go", "Go", 1543, 0, 0, 0, 0, 0, 0, 159, 315, 2017
"c:\Users\user0\Documents\GitHub\calibrationReader\vendor\golang.org\x\sys\unix\zsyscall_freebsd_arm64.go", "Go", 1543, 0, 0, 0, 0, 0, 0, 159, 315, 2017
"c:\Users\user0\Documents\GitHub\calibrationReader\vendor\golang.org\x\sys\unix\zsyscall_illumos_amd64.go", "Go", 83, 0, 0, 0, 0, 0, 0, 25, 21, 129
"c:\Users\user0\Documents\GitHub\calibrationReader\vendor\golang.org\x\sys\unix\zsyscall_linux.go", "Go", 1553, 0, 0, 0, 0, 0, 0, 142, 282, 1977
"c:\Users\user0\Documents\GitHub\calibrationReader\vendor\golang.org\x\sys\unix\zsyscall_linux_386.go", "Go", 386, 0, 0, 0, 0, 0, 0, 48, 93, 527
"c:\Users\user0\Documents\GitHub\calibrationReader\vendor\golang.org\x\sys\unix\zsyscall_linux_amd64.go", "Go", 508, 0, 0, 0, 0, 0, 0, 63, 123, 694
"c:\Users\user0\Documents\GitHub\calibrationReader\vendor\golang.org\x\sys\unix\zsyscall_linux_arm.go", "Go", 487, 0, 0, 0, 0, 0, 0, 60, 117, 664
"c:\Users\user0\Documents\GitHub\calibrationReader\vendor\golang.org\x\sys\unix\zsyscall_linux_arm64.go", "Go", 439, 0, 0, 0, 0, 0, 0, 56, 109, 604
"c:\Users\user0\Documents\GitHub\calibrationReader\vendor\golang.org\x\sys\unix\zsyscall_linux_mips.go", "Go", 516, 0, 0, 0, 0, 0, 0, 64, 125, 705
"c:\Users\user0\Documents\GitHub\calibrationReader\vendor\golang.org\x\sys\unix\zsyscall_linux_mips64.go", "Go", 513, 0, 0, 0, 0, 0, 0, 63, 123, 699
"c:\Users\user0\Documents\GitHub\calibrationReader\vendor\golang.org\x\sys\unix\zsyscall_linux_mips64le.go", "Go", 513, 0, 0, 0, 0, 0, 0, 63, 123, 699
"c:\Users\user0\Documents\GitHub\calibrationReader\vendor\golang.org\x\sys\unix\zsyscall_linux_mipsle.go", "Go", 516, 0, 0, 0, 0, 0, 0, 64, 125, 705
"c:\Users\user0\Documents\GitHub\calibrationReader\vendor\golang.org\x\sys\unix\zsyscall_linux_ppc.go", "Go", 521, 0, 0, 0, 0, 0, 0, 64, 125, 710
"c:\Users\user0\Documents\GitHub\calibrationReader\vendor\golang.org\x\sys\unix\zsyscall_linux_ppc64.go", "Go", 555, 0, 0, 0, 0, 0, 0, 68, 133, 756
"c:\Users\user0\Documents\GitHub\calibrationReader\vendor\golang.org\x\sys\unix\zsyscall_linux_ppc64le.go", "Go", 555, 0, 0, 0, 0, 0, 0, 68, 133, 756
"c:\Users\user0\Documents\GitHub\calibrationReader\vendor\golang.org\x\sys\unix\zsyscall_linux_riscv64.go", "Go", 422, 0, 0, 0, 0, 0, 0, 55, 107, 584
"c:\Users\user0\Documents\GitHub\calibrationReader\vendor\golang.org\x\sys\unix\zsyscall_linux_s390x.go", "Go", 395, 0, 0, 0, 0, 0, 0, 48, 93, 536
"c:\Users\user0\Documents\GitHub\calibrationReader\vendor\golang.org\x\sys\unix\zsyscall_linux_sparc64.go", "Go", 514, 0, 0, 0, 0, 0, 0, 63, 123, 700
"c:\Users\user0\Documents\GitHub\calibrationReader\vendor\golang.org\x\sys\unix\zsyscall_netbsd_386.go", "Go", 1428, 0, 0, 0, 0, 0, 0, 146, 289, 1863
"c:\Users\user0\Documents\GitHub\calibrationReader\vendor\golang.org\x\sys\unix\zsyscall_netbsd_amd64.go", "Go", 1428, 0, 0, 0, 0, 0, 0, 146, 289, 1863
"c:\Users\user0\Documents\GitHub\calibrationReader\vendor\golang.org\x\sys\unix\zsyscall_netbsd_arm.go", "Go", 1428, 0, 0, 0, 0, 0, 0, 146, 289, 1863
"c:\Users\user0\Documents\GitHub\calibrationReader\vendor\golang.org\x\sys\unix\zsyscall_netbsd_arm64.go", "Go", 1428, 0, 0, 0, 0, 0, 0, 146, 289, 1863
"c:\Users\user0\Documents\GitHub\calibrationReader\vendor\golang.org\x\sys\unix\zsyscall_openbsd_386.go", "Go", 1283, 0, 0, 0, 0, 0, 0, 138, 273, 1694
"c:\Users\user0\Documents\GitHub\calibrationReader\vendor\golang.org\x\sys\unix\zsyscall_openbsd_amd64.go", "Go", 1283, 0, 0, 0, 0, 0, 0, 138, 273, 1694
"c:\Users\user0\Documents\GitHub\calibrationReader\vendor\golang.org\x\sys\unix\zsyscall_openbsd_arm.go", "Go", 1283, 0, 0, 0, 0, 0, 0, 138, 273, 1694
"c:\Users\user0\Documents\GitHub\calibrationReader\vendor\golang.org\x\sys\unix\zsyscall_openbsd_arm64.go", "Go", 1283, 0, 0, 0, 0, 0, 0, 138, 273, 1694
"c:\Users\user0\Documents\GitHub\calibrationReader\vendor\golang.org\x\sys\unix\zsyscall_openbsd_mips64.go", "Go", 1283, 0, 0, 0, 0, 0, 0, 138, 273, 1694
"c:\Users\user0\Documents\GitHub\calibrationReader\vendor\golang.org\x\sys\unix\zsyscall_solaris_amd64.go", "Go", 1368, 0, 0, 0, 0, 0, 0, 409, 277, 2054
"c:\Users\user0\Documents\GitHub\calibrationReader\vendor\golang.org\x\sys\unix\zsyscall_zos_s390x.go", "Go", 942, 0, 0, 0, 0, 0, 0, 106, 208, 1256
"c:\Users\user0\Documents\GitHub\calibrationReader\vendor\golang.org\x\sys\unix\zsysctl_openbsd_386.go", "Go", 266, 0, 0, 0, 0, 0, 0, 4, 5, 275
"c:\Users\user0\Documents\GitHub\calibrationReader\vendor\golang.org\x\sys\unix\zsysctl_openbsd_amd64.go", "Go", 264, 0, 0, 0, 0, 0, 0, 4, 5, 273
"c:\Users\user0\Documents\GitHub\calibrationReader\vendor\golang.org\x\sys\unix\zsysctl_openbsd_arm.go", "Go", 266, 0, 0, 0, 0, 0, 0, 4, 5, 275
"c:\Users\user0\Documents\GitHub\calibrationReader\vendor\golang.org\x\sys\unix\zsysctl_openbsd_arm64.go", "Go", 268, 0, 0, 0, 0, 0, 0, 4, 5, 277
"c:\Users\user0\Documents\GitHub\calibrationReader\vendor\golang.org\x\sys\unix\zsysctl_openbsd_mips64.go", "Go", 272, 0, 0, 0, 0, 0, 0, 4, 5, 281
"c:\Users\user0\Documents\GitHub\calibrationReader\vendor\golang.org\x\sys\unix\zsysnum_darwin_amd64.go", "Go", 432, 0, 0, 0, 0, 0, 0, 5, 4, 441
"c:\Users\user0\Documents\GitHub\calibrationReader\vendor\golang.org\x\sys\unix\zsysnum_darwin_arm64.go", "Go", 430, 0, 0, 0, 0, 0, 0, 5, 4, 439
"c:\Users\user0\Documents\GitHub\calibrationReader\vendor\golang.org\x\sys\unix\zsysnum_dragonfly_amd64.go", "Go", 309, 0, 0, 0, 0, 0, 0, 5, 4, 318
"c:\Users\user0\Documents\GitHub\calibrationReader\vendor\golang.org\x\sys\unix\zsysnum_freebsd_386.go", "Go", 389, 0, 0, 0, 0, 0, 0, 5, 4, 398
"c:\Users\user0\Documents\GitHub\calibrationReader\vendor\golang.org\x\sys\unix\zsysnum_freebsd_amd64.go", "Go", 389, 0, 0, 0, 0, 0, 0, 5, 4, 398
"c:\Users\user0\Documents\GitHub\calibrationReader\vendor\golang.org\x\sys\unix\zsysnum_freebsd_arm.go", "Go", 389, 0, 0, 0, 0, 0, 0, 5, 4, 398
"c:\Users\user0\Documents\GitHub\calibrationReader\vendor\golang.org\x\sys\unix\zsysnum_freebsd_arm64.go", "Go", 389, 0, 0, 0, 0, 0, 0, 5, 4, 398
"c:\Users\user0\Documents\GitHub\calibrationReader\vendor\golang.org\x\sys\unix\zsysnum_linux_386.go", "Go", 440, 0, 0, 0, 0, 0, 0, 4, 4, 448
"c:\Users\user0\Documents\GitHub\calibrationReader\vendor\golang.org\x\sys\unix\zsysnum_linux_amd64.go", "Go", 362, 0, 0, 0, 0, 0, 0, 4, 4, 370
"c:\Users\user0\Documents\GitHub\calibrationReader\vendor\golang.org\x\sys\unix\zsysnum_linux_arm.go", "Go", 403, 0, 0, 0, 0, 0, 0, 4, 4, 411
"c:\Users\user0\Documents\GitHub\calibrationReader\vendor\golang.org\x\sys\unix\zsysnum_linux_arm64.go", "Go", 307, 0, 0, 0, 0, 0, 0, 4, 4, 315
"c:\Users\user0\Documents\GitHub\calibrationReader\vendor\golang.org\x\sys\unix\zsysnum_linux_mips.go", "Go", 424, 0, 0, 0, 0, 0, 0, 4, 4, 432
"c:\Users\user0\Documents\GitHub\calibrationReader\vendor\golang.org\x\sys\unix\zsysnum_linux_mips64.go", "Go", 354, 0, 0, 0, 0, 0, 0, 4, 4, 362
"c:\Users\user0\Documents\GitHub\calibrationReader\vendor\golang.org\x\sys\unix\zsysnum_linux_mips64le.go", "Go", 354, 0, 0, 0, 0, 0, 0, 4, 4, 362
"c:\Users\user0\Documents\GitHub\calibrationReader\vendor\golang.org\x\sys\unix\zsysnum_linux_mipsle.go", "Go", 424, 0, 0, 0, 0, 0, 0, 4, 4, 432
"c:\Users\user0\Documents\GitHub\calibrationReader\vendor\golang.org\x\sys\unix\zsysnum_linux_ppc.go", "Go", 431, 0, 0, 0, 0, 0, 0, 4, 4, 439
"c:\Users\user0\Documents\GitHub\calibrationReader\vendor\golang.org\x\sys\unix\zsysnum_linux_ppc64.go", "Go", 403, 0, 0, 0, 0, 0, 0, 4, 4, 411
"c:\Users\user0\Documents\GitHub\calibrationReader\vendor\golang.org\x\sys\unix\zsysnum_linux_ppc64le.go", "Go", 403, 0, 0, 0, 0, 0, 0, 4, 4, 411
"c:\Users\user0\Documents\GitHub\calibrationReader\vendor\golang.org\x\sys\unix\zsysnum_linux_riscv64.go", "Go", 305, 0, 0, 0, 0, 0, 0, 4, 4, 313
"c:\Users\user0\Documents\GitHub\calibrationReader\vendor\golang.org\x\sys\unix\zsysnum_linux_s390x.go", "Go", 368, 0, 0, 0, 0, 0, 0, 4, 4, 376
"c:\Users\user0\Documents\GitHub\calibrationReader\vendor\golang.org\x\sys\unix\zsysnum_linux_sparc64.go", "Go", 382, 0, 0, 0, 0, 0, 0, 4, 4, 390
"c:\Users\user0\Documents\GitHub\calibrationReader\vendor\golang.org\x\sys\unix\zsysnum_netbsd_386.go", "Go", 268, 0, 0, 0, 0, 0, 0, 4, 4, 276
"c:\Users\user0\Documents\GitHub\calibrationReader\vendor\golang.org\x\sys\unix\zsysnum_netbsd_amd64.go", "Go", 268, 0, 0, 0, 0, 0, 0, 4, 4, 276
"c:\Users\user0\Documents\GitHub\calibrationReader\vendor\golang.org\x\sys\unix\zsysnum_netbsd_arm.go", "Go", 268, 0, 0, 0, 0, 0, 0, 4, 4, 276
"c:\Users\user0\Documents\GitHub\calibrationReader\vendor\golang.org\x\sys\unix\zsysnum_netbsd_arm64.go", "Go", 268, 0, 0, 0, 0, 0, 0, 4, 4, 276
"c:\Users\user0\Documents\GitHub\calibrationReader\vendor\golang.org\x\sys\unix\zsysnum_openbsd_386.go", "Go", 212, 0, 0, 0, 0, 0, 0, 4, 4, 220
"c:\Users\user0\Documents\GitHub\calibrationReader\vendor\golang.org\x\sys\unix\zsysnum_openbsd_amd64.go", "Go", 212, 0, 0, 0, 0, 0, 0, 4, 4, 220
"c:\Users\user0\Documents\GitHub\calibrationReader\vendor\golang.org\x\sys\unix\zsysnum_openbsd_arm.go", "Go", 212, 0, 0, 0, 0, 0, 0, 4, 4, 220
"c:\Users\user0\Documents\GitHub\calibrationReader\vendor\golang.org\x\sys\unix\zsysnum_openbsd_arm64.go", "Go", 211, 0, 0, 0, 0, 0, 0, 4, 4, 219
"c:\Users\user0\Documents\GitHub\calibrationReader\vendor\golang.org\x\sys\unix\zsysnum_openbsd_mips64.go", "Go", 214, 0, 0, 0, 0, 0, 0, 4, 4, 222
"c:\Users\user0\Documents\GitHub\calibrationReader\vendor\golang.org\x\sys\unix\zsysnum_zos_s390x.go", "Go", 2660, 0, 0, 0, 0, 0, 0, 6, 5, 2671
"c:\Users\user0\Documents\GitHub\calibrationReader\vendor\golang.org\x\sys\unix\ztypes_aix_ppc.go", "Go", 296, 0, 0, 0, 0, 0, 0, 4, 55, 355
"c:\Users\user0\Documents\GitHub\calibrationReader\vendor\golang.org\x\sys\unix\ztypes_aix_ppc64.go", "Go", 300, 0, 0, 0, 0, 0, 0, 4, 55, 359
"c:\Users\user0\Documents\GitHub\calibrationReader\vendor\golang.org\x\sys\unix\ztypes_darwin_amd64.go", "Go", 562, 0, 0, 0, 0, 0, 0, 4, 76, 642
"c:\Users\user0\Documents\GitHub\calibrationReader\vendor\golang.org\x\sys\unix\ztypes_darwin_arm64.go", "Go", 562, 0, 0, 0, 0, 0, 0, 4, 76, 642
"c:\Users\user0\Documents\GitHub\calibrationReader\vendor\golang.org\x\sys\unix\ztypes_dragonfly_amd64.go", "Go", 413, 0, 0, 0, 0, 0, 0, 4, 58, 475
"c:\Users\user0\Documents\GitHub\calibrationReader\vendor\golang.org\x\sys\unix\ztypes_freebsd_386.go", "Go", 640, 0, 0, 0, 0, 0, 0, 4, 80, 724
"c:\Users\user0\Documents\GitHub\calibrationReader\vendor\golang.org\x\sys\unix\ztypes_freebsd_amd64.go", "Go", 643, 0, 0, 0, 0, 0, 0, 4, 80, 727
"c:\Users\user0\Documents\GitHub\calibrationReader\vendor\golang.org\x\sys\unix\ztypes_freebsd_arm.go", "Go", 624, 0, 0, 0, 0, 0, 0, 4, 80, 708
"c:\Users\user0\Documents\GitHub\calibrationReader\vendor\golang.org\x\sys\unix\ztypes_freebsd_arm64.go", "Go", 621, 0, 0, 0, 0, 0, 0, 4, 80, 705
"c:\Users\user0\Documents\GitHub\calibrationReader\vendor\golang.org\x\sys\unix\ztypes_illumos_amd64.go", "Go", 30, 0, 0, 0, 0, 0, 0, 4, 9, 43
"c:\Users\user0\Documents\GitHub\calibrationReader\vendor\golang.org\x\sys\unix\ztypes_linux.go", "Go", 3739, 0, 0, 0, 0, 0, 0, 3, 197, 3939
"c:\Users\user0\Documents\GitHub\calibrationReader\vendor\golang.org\x\sys\unix\ztypes_linux_386.go", "Go", 564, 0, 0, 0, 0, 0, 0, 4, 74, 642
"c:\Users\user0\Documents\GitHub\calibrationReader\vendor\golang.org\x\sys\unix\ztypes_linux_amd64.go", "Go", 582, 0, 0, 0, 0, 0, 0, 4, 74, 660
"c:\Users\user0\Documents\GitHub\calibrationReader\vendor\golang.org\x\sys\unix\ztypes_linux_arm.go", "Go", 559, 0, 0, 0, 0, 0, 0, 4, 74, 637
"c:\Users\user0\Documents\GitHub\calibrationReader\vendor\golang.org\x\sys\unix\ztypes_linux_arm64.go", "Go", 561, 0, 0, 0, 0, 0, 0, 4, 74, 639
"c:\Users\user0\Documents\GitHub\calibrationReader\vendor\golang.org\x\sys\unix\ztypes_linux_mips.go", "Go", 565, 0, 0, 0, 0, 0, 0, 4, 74, 643
"c:\Users\user0\Documents\GitHub\calibrationReader\vendor\golang.org\x\sys\unix\ztypes_linux_mips64.go", "Go", 564, 0, 0, 0, 0, 0, 0, 4, 74, 642
"c:\Users\user0\Documents\GitHub\calibrationReader\vendor\golang.org\x\sys\unix\ztypes_linux_mips64le.go", "Go", 564, 0, 0, 0, 0, 0, 0, 4, 74, 642
"c:\Users\user0\Documents\GitHub\calibrationReader\vendor\golang.org\x\sys\unix\ztypes_linux_mipsle.go", "Go", 565, 0, 0, 0, 0, 0, 0, 4, 74, 643
"c:\Users\user0\Documents\GitHub\calibrationReader\vendor\golang.org\x\sys\unix\ztypes_linux_ppc.go", "Go", 571, 0, 0, 0, 0, 0, 0, 4, 74, 649
"c:\Users\user0\Documents\GitHub\calibrationReader\vendor\golang.org\x\sys\unix\ztypes_linux_ppc64.go", "Go", 571, 0, 0, 0, 0, 0, 0, 4, 74, 649
"c:\Users\user0\Documents\GitHub\calibrationReader\vendor\golang.org\x\sys\unix\ztypes_linux_ppc64le.go", "Go", 571, 0, 0, 0, 0, 0, 0, 4, 74, 649
"c:\Users\user0\Documents\GitHub\calibrationReader\vendor\golang.org\x\sys\unix\ztypes_linux_riscv64.go", "Go", 589, 0, 0, 0, 0, 0, 0, 4, 74, 667
"c:\Users\user0\Documents\GitHub\calibrationReader\vendor\golang.org\x\sys\unix\ztypes_linux_s390x.go", "Go", 582, 0, 0, 0, 0, 0, 0, 4, 77, 663
"c:\Users\user0\Documents\GitHub\calibrationReader\vendor\golang.org\x\sys\unix\ztypes_linux_sparc64.go", "Go", 566, 0, 0, 0, 0, 0, 0, 4, 74, 644
"c:\Users\user0\Documents\GitHub\calibrationReader\vendor\golang.org\x\sys\unix\ztypes_netbsd_386.go", "Go", 435, 0, 0, 0, 0, 0, 0, 4, 64, 503
"c:\Users\user0\Documents\GitHub\calibrationReader\vendor\golang.org\x\sys\unix\ztypes_netbsd_amd64.go", "Go", 443, 0, 0, 0, 0, 0, 0, 4, 64, 511
"c:\Users\user0\Documents\GitHub\calibrationReader\vendor\golang.org\x\sys\unix\ztypes_netbsd_arm.go", "Go", 440, 0, 0, 0, 0, 0, 0, 4, 64, 508
"c:\Users\user0\Documents\GitHub\calibrationReader\vendor\golang.org\x\sys\unix\ztypes_netbsd_arm64.go", "Go", 443, 0, 0, 0, 0, 0, 0, 4, 64, 511
"c:\Users\user0\Documents\GitHub\calibrationReader\vendor\golang.org\x\sys\unix\ztypes_openbsd_386.go", "Go", 510, 0, 0, 0, 0, 0, 0, 4, 62, 576
"c:\Users\user0\Documents\GitHub\calibrationReader\vendor\golang.org\x\sys\unix\ztypes_openbsd_amd64.go", "Go", 510, 0, 0, 0, 0, 0, 0, 4, 62, 576
"c:\Users\user0\Documents\GitHub\calibrationReader\vendor\golang.org\x\sys\unix\ztypes_openbsd_arm.go", "Go", 511, 0, 0, 0, 0, 0, 0, 4, 62, 577
"c:\Users\user0\Documents\GitHub\calibrationReader\vendor\golang.org\x\sys\unix\ztypes_openbsd_arm64.go", "Go", 504, 0, 0, 0, 0, 0, 0, 4, 62, 570
"c:\Users\user0\Documents\GitHub\calibrationReader\vendor\golang.org\x\sys\unix\ztypes_openbsd_mips64.go", "Go", 504, 0, 0, 0, 0, 0, 0, 4, 62, 570
"c:\Users\user0\Documents\GitHub\calibrationReader\vendor\golang.org\x\sys\unix\ztypes_solaris_amd64.go", "Go", 418, 0, 0, 0, 0, 0, 0, 4, 61, 483
"c:\Users\user0\Documents\GitHub\calibrationReader\vendor\golang.org\x\sys\unix\ztypes_zos_s390x.go", "Go", 351, 0, 0, 0, 0, 0, 0, 9, 47, 407
"Total", "-", 152876, 924, 189, 25, 36, 579, 28, 12645, 16648, 183950